slide_id,process,status,seg_level,sthresh,mthresh,close,use_otsu,keep_ids,exclude_ids,a_t,a_h,max_n_holes,vis_level,line_thickness,use_padding,contour_fn
/data3/Thanaporn/kmedicon/WSIs/BLOP-KA-00032-S-TP-01.tif,1,tbp,-1,8,7,4,False,none,none,16.0,4.0,8,-1,100,True,four_pt
/data3/Thanaporn/kmedicon/WSIs/BLOP-KA-00045-S-TP-02.tif,1,tbp,-1,8,7,4,False,none,none,16.0,4.0,8,-1,100,True,four_pt
/data3/Thanaporn/kmedicon/WSIs/BLOP-KA-00498-S-TP-02.tif,1,tbp,-1,8,7,4,False,none,none,16.0,4.0,8,-1,100,True,four_pt
/data3/Thanaporn/kmedicon/WSIs/BLOP-KA-00262-S-TP-03.tif,1,tbp,-1,8,7,4,False,none,none,16.0,4.0,8,-1,100,True,four_pt
/data3/Thanaporn/kmedicon/WSIs/BLOP-KA-00076-S-TP-03.tif,1,tbp,-1,8,7,4,False,none,none,16.0,4.0,8,-1,100,True,four_pt
/data3/Thanaporn/kmedicon/WSIs/BLOP-KA-00254-S-TP-01.tif,1,tbp,-1,8,7,4,False,none,none,16.0,4.0,8,-1,100,True,four_pt
/data3/Thanaporn/kmedicon/WSIs/BLOP-KA-00182-S-TP-01.tif,1,tbp,-1,8,7,4,False,none,none,16.0,4.0,8,-1,100,True,four_pt
/data3/Thanaporn/kmedicon/WSIs/BLOP-KA-00454-S-TP-01.tif,1,tbp,-1,8,7,4,False,none,none,16.0,4.0,8,-1,100,True,four_pt
/data3/Thanaporn/kmedicon/WSIs/BLOP-KA-00110-S-TP-02.tif,1,tbp,-1,8,7,4,False,none,none,16.0,4.0,8,-1,100,True,four_pt
/data3/Thanaporn/kmedicon/WSIs/BLOP-KA-00314-S-TP-01.tif,1,tbp,-1,8,7,4,False,none,none,16.0,4.0,8,-1,100,True,four_pt
/data3/Thanaporn/kmedicon/WSIs/BLOP-KA-00430-S-TP-01.tif,1,tbp,-1,8,7,4,False,none,none,16.0,4.0,8,-1,100,True,four_pt
/data3/Thanaporn/kmedicon/WSIs/BLOP-KA-00365-S-TP-01.tif,1,tbp,-1,8,7,4,False,none,none,16.0,4.0,8,-1,100,True,four_pt
/data3/Thanaporn/kmedicon/WSIs/BLOP-KA-00200-S-TP-01.tif,1,tbp,-1,8,7,4,False,none,none,16.0,4.0,8,-1,100,True,four_pt
/data3/Thanaporn/kmedicon/WSIs/BLOP-KA-00118-S-TP-01.tif,1,tbp,-1,8,7,4,False,none,none,16.0,4.0,8,-1,100,True,four_pt
/data3/Thanaporn/kmedicon/WSIs/BLOP-KA-00115-S-TP-02.tif,1,tbp,-1,8,7,4,False,none,none,16.0,4.0,8,-1,100,True,four_pt
/data3/Thanaporn/kmedicon/WSIs/BLOP-KA-00326-S-TP-01.tif,1,tbp,-1,8,7,4,False,none,none,16.0,4.0,8,-1,100,True,four_pt
/data3/Thanaporn/kmedicon/WSIs/BLOP-KA-00114-S-TP-02.tif,1,tbp,-1,8,7,4,False,none,none,16.0,4.0,8,-1,100,True,four_pt
/data3/Thanaporn/kmedicon/WSIs/BLOP-KA-00588-S-TP-01.tif,1,tbp,-1,8,7,4,False,none,none,16.0,4.0,8,-1,100,True,four_pt
/data3/Thanaporn/kmedicon/WSIs/BLOP-KA-00072-S-TP-02.tif,1,tbp,-1,8,7,4,False,none,none,16.0,4.0,8,-1,100,True,four_pt
/data3/Thanaporn/kmedicon/WSIs/BLOP-KA-00394-S-TP-01.tif,1,tbp,-1,8,7,4,False,none,none,16.0,4.0,8,-1,100,True,four_pt
/data3/Thanaporn/kmedicon/WSIs/BLOP-KA-00648-S-TP-01.tif,1,tbp,-1,8,7,4,False,none,none,16.0,4.0,8,-1,100,True,four_pt
/data3/Thanaporn/kmedicon/WSIs/BLOP-KA-00216-S-TP-01.tif,1,tbp,-1,8,7,4,False,none,none,16.0,4.0,8,-1,100,True,four_pt
/data3/Thanaporn/kmedicon/WSIs/BLOP-KA-00428-S-TP-02.tif,1,tbp,-1,8,7,4,False,none,none,16.0,4.0,8,-1,100,True,four_pt
/data3/Thanaporn/kmedicon/WSIs/BLOP-KA-00391-S-TP-05.tif,1,tbp,-1,8,7,4,False,none,none,16.0,4.0,8,-1,100,True,four_pt
/data3/Thanaporn/kmedicon/WSIs/BLOP-KA-00721-S-TP-01.tif,1,tbp,-1,8,7,4,False,none,none,16.0,4.0,8,-1,100,True,four_pt
/data3/Thanaporn/kmedicon/WSIs/BLOP-KA-00196-S-TP-02.tif,1,tbp,-1,8,7,4,False,none,none,16.0,4.0,8,-1,100,True,four_pt
/data3/Thanaporn/kmedicon/WSIs/BLOP-KA-00724-S-TP-04.tif,1,tbp,-1,8,7,4,False,none,none,16.0,4.0,8,-1,100,True,four_pt
/data3/Thanaporn/kmedicon/WSIs/BLOP-KA-00758-S-TP-03.tif,1,tbp,-1,8,7,4,False,none,none,16.0,4.0,8,-1,100,True,four_pt
/data3/Thanaporn/kmedicon/WSIs/BLOP-KA-00348-S-TP-01.tif,1,tbp,-1,8,7,4,False,none,none,16.0,4.0,8,-1,100,True,four_pt
/data3/Thanaporn/kmedicon/WSIs/BLOP-KA-00724-S-TP-06.tif,1,tbp,-1,8,7,4,False,none,none,16.0,4.0,8,-1,100,True,four_pt
/data3/Thanaporn/kmedicon/WSIs/BLOP-KA-00422-S-TP-01.tif,1,tbp,-1,8,7,4,False,none,none,16.0,4.0,8,-1,100,True,four_pt
/data3/Thanaporn/kmedicon/WSIs/BLOP-KA-00534-S-TP-01.tif,1,tbp,-1,8,7,4,False,none,none,16.0,4.0,8,-1,100,True,four_pt
/data3/Thanaporn/kmedicon/WSIs/BLOP-KA-00502-S-TP-01.tif,1,tbp,-1,8,7,4,False,none,none,16.0,4.0,8,-1,100,True,four_pt
/data3/Thanaporn/kmedicon/WSIs/BLOP-KA-00356-S-TP-01.tif,1,tbp,-1,8,7,4,False,none,none,16.0,4.0,8,-1,100,True,four_pt
/data3/Thanaporn/kmedicon/WSIs/BLOP-KA-00272-S-TP-01.tif,1,tbp,-1,8,7,4,False,none,none,16.0,4.0,8,-1,100,True,four_pt
/data3/Thanaporn/kmedicon/WSIs/BLOP-KA-00508-S-TP-01.tif,1,tbp,-1,8,7,4,False,none,none,16.0,4.0,8,-1,100,True,four_pt
/data3/Thanaporn/kmedicon/WSIs/BLOP-KA-00339-S-TP-01.tif,1,tbp,-1,8,7,4,False,none,none,16.0,4.0,8,-1,100,True,four_pt
/data3/Thanaporn/kmedicon/WSIs/BLOP-KA-00434-S-TP-03.tif,1,tbp,-1,8,7,4,False,none,none,16.0,4.0,8,-1,100,True,four_pt
/data3/Thanaporn/kmedicon/WSIs/BLOP-KA-00944-S-TP-01.tif,1,tbp,-1,8,7,4,False,none,none,16.0,4.0,8,-1,100,True,four_pt
/data3/Thanaporn/kmedicon/WSIs/BLOP-KA-00252-S-TP-01.tif,1,tbp,-1,8,7,4,False,none,none,16.0,4.0,8,-1,100,True,four_pt
/data3/Thanaporn/kmedicon/WSIs/BLOP-KA-00519-S-TP-01.tif,1,tbp,-1,8,7,4,False,none,none,16.0,4.0,8,-1,100,True,four_pt
/data3/Thanaporn/kmedicon/WSIs/BLOP-KA-00149-S-TP-01.tif,1,tbp,-1,8,7,4,False,none,none,16.0,4.0,8,-1,100,True,four_pt
/data3/Thanaporn/kmedicon/WSIs/BLOP-KA-00761-S-TP-01.tif,1,tbp,-1,8,7,4,False,none,none,16.0,4.0,8,-1,100,True,four_pt
/data3/Thanaporn/kmedicon/WSIs/BLOP-KA-00174-S-TP-01.tif,1,tbp,-1,8,7,4,False,none,none,16.0,4.0,8,-1,100,True,four_pt
/data3/Thanaporn/kmedicon/WSIs/BLOP-KA-00757-S-TP-01.tif,1,tbp,-1,8,7,4,False,none,none,16.0,4.0,8,-1,100,True,four_pt
/data3/Thanaporn/kmedicon/WSIs/BLOP-KA-00952-S-TP-01.tif,1,tbp,-1,8,7,4,False,none,none,16.0,4.0,8,-1,100,True,four_pt
/data3/Thanaporn/kmedicon/WSIs/BLOP-KA-00079-S-TP-03.tif,1,tbp,-1,8,7,4,False,none,none,16.0,4.0,8,-1,100,True,four_pt
/data3/Thanaporn/kmedicon/WSIs/BLOP-KA-00496-S-TP-01.tif,1,tbp,-1,8,7,4,False,none,none,16.0,4.0,8,-1,100,True,four_pt
/data3/Thanaporn/kmedicon/WSIs/BLOP-KA-00237-S-TP-02.tif,1,tbp,-1,8,7,4,False,none,none,16.0,4.0,8,-1,100,True,four_pt
/data3/Thanaporn/kmedicon/WSIs/BLOP-KA-00742-S-TP-01.tif,1,tbp,-1,8,7,4,False,none,none,16.0,4.0,8,-1,100,True,four_pt
/data3/Thanaporn/kmedicon/WSIs/BLOP-KA-00564-S-TP-01.tif,1,tbp,-1,8,7,4,False,none,none,16.0,4.0,8,-1,100,True,four_pt
/data3/Thanaporn/kmedicon/WSIs/BLOP-KA-00566-S-TP-01.tif,1,tbp,-1,8,7,4,False,none,none,16.0,4.0,8,-1,100,True,four_pt
/data3/Thanaporn/kmedicon/WSIs/BLOP-KA-00550-S-TP-03.tif,1,tbp,-1,8,7,4,False,none,none,16.0,4.0,8,-1,100,True,four_pt
/data3/Thanaporn/kmedicon/WSIs/BLOP-KA-00016-S-TP-01.tif,1,tbp,-1,8,7,4,False,none,none,16.0,4.0,8,-1,100,True,four_pt
/data3/Thanaporn/kmedicon/WSIs/BLOP-KA-00595-S-TP-01.tif,1,tbp,-1,8,7,4,False,none,none,16.0,4.0,8,-1,100,True,four_pt
/data3/Thanaporn/kmedicon/WSIs/BLOP-KA-00071-S-TP-01.tif,1,tbp,-1,8,7,4,False,none,none,16.0,4.0,8,-1,100,True,four_pt
/data3/Thanaporn/kmedicon/WSIs/BLOP-KA-00426-S-TP-01.tif,1,tbp,-1,8,7,4,False,none,none,16.0,4.0,8,-1,100,True,four_pt
/data3/Thanaporn/kmedicon/WSIs/BLOP-KA-00524-S-TP-02.tif,1,tbp,-1,8,7,4,False,none,none,16.0,4.0,8,-1,100,True,four_pt
/data3/Thanaporn/kmedicon/WSIs/BLOP-KA-00077-S-TP-01.tif,1,tbp,-1,8,7,4,False,none,none,16.0,4.0,8,-1,100,True,four_pt
/data3/Thanaporn/kmedicon/WSIs/BLOP-KA-00420-S-TP-01.tif,1,tbp,-1,8,7,4,False,none,none,16.0,4.0,8,-1,100,True,four_pt
/data3/Thanaporn/kmedicon/WSIs/BLOP-KA-00498-S-TP-01.tif,1,tbp,-1,8,7,4,False,none,none,16.0,4.0,8,-1,100,True,four_pt
/data3/Thanaporn/kmedicon/WSIs/BLOP-KA-00469-S-TP-03.tif,1,tbp,-1,8,7,4,False,none,none,16.0,4.0,8,-1,100,True,four_pt
/data3/Thanaporn/kmedicon/WSIs/BLOP-KA-00633-S-TP-01.tif,1,tbp,-1,8,7,4,False,none,none,16.0,4.0,8,-1,100,True,four_pt
/data3/Thanaporn/kmedicon/WSIs/BLOP-KA-00351-S-TP-03.tif,1,tbp,-1,8,7,4,False,none,none,16.0,4.0,8,-1,100,True,four_pt
/data3/Thanaporn/kmedicon/WSIs/BLOP-KA-00441-S-TP-02.tif,1,tbp,-1,8,7,4,False,none,none,16.0,4.0,8,-1,100,True,four_pt
/data3/Thanaporn/kmedicon/WSIs/BLOP-KA-00214-S-TP-02.tif,1,tbp,-1,8,7,4,False,none,none,16.0,4.0,8,-1,100,True,four_pt
/data3/Thanaporn/kmedicon/WSIs/BLOP-KA-00712-S-TP-02.tif,1,tbp,-1,8,7,4,False,none,none,16.0,4.0,8,-1,100,True,four_pt
/data3/Thanaporn/kmedicon/WSIs/BLOP-KA-00740-S-TP-01.tif,1,tbp,-1,8,7,4,False,none,none,16.0,4.0,8,-1,100,True,four_pt
/data3/Thanaporn/kmedicon/WSIs/BLOP-KA-00381-S-TP-02.tif,1,tbp,-1,8,7,4,False,none,none,16.0,4.0,8,-1,100,True,four_pt
/data3/Thanaporn/kmedicon/WSIs/BLOP-KA-00011-S-TP-01.tif,1,tbp,-1,8,7,4,False,none,none,16.0,4.0,8,-1,100,True,four_pt
/data3/Thanaporn/kmedicon/WSIs/BLOP-KA-00735-S-TP-01.tif,1,tbp,-1,8,7,4,False,none,none,16.0,4.0,8,-1,100,True,four_pt
/data3/Thanaporn/kmedicon/WSIs/BLOP-KA-00395-S-TP-01.tif,1,tbp,-1,8,7,4,False,none,none,16.0,4.0,8,-1,100,True,four_pt
/data3/Thanaporn/kmedicon/WSIs/BLOP-KA-00078-S-TP-04.tif,1,tbp,-1,8,7,4,False,none,none,16.0,4.0,8,-1,100,True,four_pt
/data3/Thanaporn/kmedicon/WSIs/BLOP-KA-00418-S-TP-01.tif,1,tbp,-1,8,7,4,False,none,none,16.0,4.0,8,-1,100,True,four_pt
/data3/Thanaporn/kmedicon/WSIs/BLOP-KA-00329-S-TP-01.tif,1,tbp,-1,8,7,4,False,none,none,16.0,4.0,8,-1,100,True,four_pt
/data3/Thanaporn/kmedicon/WSIs/BLOP-KA-00066-S-TP-01.tif,1,tbp,-1,8,7,4,False,none,none,16.0,4.0,8,-1,100,True,four_pt
/data3/Thanaporn/kmedicon/WSIs/BLOP-KA-00756-S-TP-01.tif,1,tbp,-1,8,7,4,False,none,none,16.0,4.0,8,-1,100,True,four_pt
/data3/Thanaporn/kmedicon/WSIs/BLOP-KA-00746-S-TP-02.tif,1,tbp,-1,8,7,4,False,none,none,16.0,4.0,8,-1,100,True,four_pt
/data3/Thanaporn/kmedicon/WSIs/BLOP-KA-00805-S-TP-01.tif,1,tbp,-1,8,7,4,False,none,none,16.0,4.0,8,-1,100,True,four_pt
/data3/Thanaporn/kmedicon/WSIs/BLOP-KA-00316-S-TP-02.tif,1,tbp,-1,8,7,4,False,none,none,16.0,4.0,8,-1,100,True,four_pt
/data3/Thanaporn/kmedicon/WSIs/BLOP-KA-00224-S-TP-01.tif,1,tbp,-1,8,7,4,False,none,none,16.0,4.0,8,-1,100,True,four_pt
/data3/Thanaporn/kmedicon/WSIs/BLOP-KA-00555-S-TP-01.tif,1,tbp,-1,8,7,4,False,none,none,16.0,4.0,8,-1,100,True,four_pt
/data3/Thanaporn/kmedicon/WSIs/BLOP-KA-00627-S-TP-01.tif,1,tbp,-1,8,7,4,False,none,none,16.0,4.0,8,-1,100,True,four_pt
/data3/Thanaporn/kmedicon/WSIs/BLOP-KA-00440-S-TP-01.tif,1,tbp,-1,8,7,4,False,none,none,16.0,4.0,8,-1,100,True,four_pt
/data3/Thanaporn/kmedicon/WSIs/BLOP-KA-00106-S-TP-01.tif,1,tbp,-1,8,7,4,False,none,none,16.0,4.0,8,-1,100,True,four_pt
/data3/Thanaporn/kmedicon/WSIs/BLOP-KA-00129-S-TP-01.tif,1,tbp,-1,8,7,4,False,none,none,16.0,4.0,8,-1,100,True,four_pt
/data3/Thanaporn/kmedicon/WSIs/BLOP-KA-00135-S-TP-01.tif,1,tbp,-1,8,7,4,False,none,none,16.0,4.0,8,-1,100,True,four_pt
/data3/Thanaporn/kmedicon/WSIs/BLOP-KA-00226-S-TP-01.tif,1,tbp,-1,8,7,4,False,none,none,16.0,4.0,8,-1,100,True,four_pt
/data3/Thanaporn/kmedicon/WSIs/BLOP-KA-00003-S-TP-01.tif,1,tbp,-1,8,7,4,False,none,none,16.0,4.0,8,-1,100,True,four_pt
/data3/Thanaporn/kmedicon/WSIs/BLOP-KA-00037-S-TP-02.tif,1,tbp,-1,8,7,4,False,none,none,16.0,4.0,8,-1,100,True,four_pt
/data3/Thanaporn/kmedicon/WSIs/BLOP-KA-00205-S-TP-01.tif,1,tbp,-1,8,7,4,False,none,none,16.0,4.0,8,-1,100,True,four_pt
/data3/Thanaporn/kmedicon/WSIs/BLOP-KA-00051-S-TP-01.tif,1,tbp,-1,8,7,4,False,none,none,16.0,4.0,8,-1,100,True,four_pt
/data3/Thanaporn/kmedicon/WSIs/BLOP-KA-00648-S-TP-05.tif,1,tbp,-1,8,7,4,False,none,none,16.0,4.0,8,-1,100,True,four_pt
/data3/Thanaporn/kmedicon/WSIs/BLOP-KA-00403-S-TP-02.tif,1,tbp,-1,8,7,4,False,none,none,16.0,4.0,8,-1,100,True,four_pt
/data3/Thanaporn/kmedicon/WSIs/BLOP-KA-00225-S-TP-01.tif,1,tbp,-1,8,7,4,False,none,none,16.0,4.0,8,-1,100,True,four_pt
/data3/Thanaporn/kmedicon/WSIs/BLOP-KA-00434-S-TP-02.tif,1,tbp,-1,8,7,4,False,none,none,16.0,4.0,8,-1,100,True,four_pt
/data3/Thanaporn/kmedicon/WSIs/BLOP-KA-00123-S-TP-03.tif,1,tbp,-1,8,7,4,False,none,none,16.0,4.0,8,-1,100,True,four_pt
/data3/Thanaporn/kmedicon/WSIs/BLOP-KA-00390-S-TP-01.tif,1,tbp,-1,8,7,4,False,none,none,16.0,4.0,8,-1,100,True,four_pt
/data3/Thanaporn/kmedicon/WSIs/BLOP-KA-00710-S-TP-01.tif,1,tbp,-1,8,7,4,False,none,none,16.0,4.0,8,-1,100,True,four_pt
/data3/Thanaporn/kmedicon/WSIs/BLOP-KA-00197-S-TP-02.tif,1,tbp,-1,8,7,4,False,none,none,16.0,4.0,8,-1,100,True,four_pt
/data3/Thanaporn/kmedicon/WSIs/BLOP-KA-00061-S-TP-01.tif,1,tbp,-1,8,7,4,False,none,none,16.0,4.0,8,-1,100,True,four_pt
/data3/Thanaporn/kmedicon/WSIs/BLOP-KA-00597-S-TP-01.tif,1,tbp,-1,8,7,4,False,none,none,16.0,4.0,8,-1,100,True,four_pt
/data3/Thanaporn/kmedicon/WSIs/BLOP-KA-00745-S-TP-01.tif,1,tbp,-1,8,7,4,False,none,none,16.0,4.0,8,-1,100,True,four_pt
/data3/Thanaporn/kmedicon/WSIs/BLOP-KA-00443-S-TP-01.tif,1,tbp,-1,8,7,4,False,none,none,16.0,4.0,8,-1,100,True,four_pt
/data3/Thanaporn/kmedicon/WSIs/BLOP-KA-00146-S-TP-01.tif,1,tbp,-1,8,7,4,False,none,none,16.0,4.0,8,-1,100,True,four_pt
/data3/Thanaporn/kmedicon/WSIs/BLOP-KA-00605-S-TP-01.tif,1,tbp,-1,8,7,4,False,none,none,16.0,4.0,8,-1,100,True,four_pt
/data3/Thanaporn/kmedicon/WSIs/BLOP-KA-00487-S-TP-01.tif,1,tbp,-1,8,7,4,False,none,none,16.0,4.0,8,-1,100,True,four_pt
/data3/Thanaporn/kmedicon/WSIs/BLOP-KA-00299-S-TP-01.tif,1,tbp,-1,8,7,4,False,none,none,16.0,4.0,8,-1,100,True,four_pt
/data3/Thanaporn/kmedicon/WSIs/BLOP-KA-00810-S-TP-02.tif,1,tbp,-1,8,7,4,False,none,none,16.0,4.0,8,-1,100,True,four_pt
/data3/Thanaporn/kmedicon/WSIs/BLOP-KA-00453-S-TP-01.tif,1,tbp,-1,8,7,4,False,none,none,16.0,4.0,8,-1,100,True,four_pt
/data3/Thanaporn/kmedicon/WSIs/BLOP-KA-00234-S-TP-01.tif,1,tbp,-1,8,7,4,False,none,none,16.0,4.0,8,-1,100,True,four_pt
/data3/Thanaporn/kmedicon/WSIs/BLOP-KA-00455-S-TP-01.tif,1,tbp,-1,8,7,4,False,none,none,16.0,4.0,8,-1,100,True,four_pt
/data3/Thanaporn/kmedicon/WSIs/BLOP-KA-00718-S-TP-01.tif,1,tbp,-1,8,7,4,False,none,none,16.0,4.0,8,-1,100,True,four_pt
/data3/Thanaporn/kmedicon/WSIs/BLOP-KA-00517-S-TP-01.tif,1,tbp,-1,8,7,4,False,none,none,16.0,4.0,8,-1,100,True,four_pt
/data3/Thanaporn/kmedicon/WSIs/BLOP-KA-00537-S-TP-01.tif,1,tbp,-1,8,7,4,False,none,none,16.0,4.0,8,-1,100,True,four_pt
/data3/Thanaporn/kmedicon/WSIs/BLOP-KA-00955-S-TP-01.tif,1,tbp,-1,8,7,4,False,none,none,16.0,4.0,8,-1,100,True,four_pt
/data3/Thanaporn/kmedicon/WSIs/BLOP-KA-00038-S-TP-01.tif,1,tbp,-1,8,7,4,False,none,none,16.0,4.0,8,-1,100,True,four_pt
/data3/Thanaporn/kmedicon/WSIs/BLOP-KA-00462-S-TP-02.tif,1,tbp,-1,8,7,4,False,none,none,16.0,4.0,8,-1,100,True,four_pt
/data3/Thanaporn/kmedicon/WSIs/BLOP-KA-00648-S-TP-04.tif,1,tbp,-1,8,7,4,False,none,none,16.0,4.0,8,-1,100,True,four_pt
/data3/Thanaporn/kmedicon/WSIs/BLOP-KA-00397-S-TP-01.tif,1,tbp,-1,8,7,4,False,none,none,16.0,4.0,8,-1,100,True,four_pt
/data3/Thanaporn/kmedicon/WSIs/BLOP-KA-00940-S-TP-01.tif,1,tbp,-1,8,7,4,False,none,none,16.0,4.0,8,-1,100,True,four_pt
/data3/Thanaporn/kmedicon/WSIs/BLOP-KA-00238-S-TP-01.tif,1,tbp,-1,8,7,4,False,none,none,16.0,4.0,8,-1,100,True,four_pt
/data3/Thanaporn/kmedicon/WSIs/BLOP-KA-00758-S-TP-01.tif,1,tbp,-1,8,7,4,False,none,none,16.0,4.0,8,-1,100,True,four_pt
/data3/Thanaporn/kmedicon/WSIs/BLOP-KA-00345-S-TP-02.tif,1,tbp,-1,8,7,4,False,none,none,16.0,4.0,8,-1,100,True,four_pt
/data3/Thanaporn/kmedicon/WSIs/BLOP-KA-00571-S-TP-01.tif,1,tbp,-1,8,7,4,False,none,none,16.0,4.0,8,-1,100,True,four_pt
/data3/Thanaporn/kmedicon/WSIs/BLOP-KA-00102-S-TP-01.tif,1,tbp,-1,8,7,4,False,none,none,16.0,4.0,8,-1,100,True,four_pt
/data3/Thanaporn/kmedicon/WSIs/BLOP-KA-00236-S-TP-01.tif,1,tbp,-1,8,7,4,False,none,none,16.0,4.0,8,-1,100,True,four_pt
/data3/Thanaporn/kmedicon/WSIs/BLOP-KA-00303-S-TP-01.tif,1,tbp,-1,8,7,4,False,none,none,16.0,4.0,8,-1,100,True,four_pt
/data3/Thanaporn/kmedicon/WSIs/BLOP-KA-00481-S-TP-01.tif,1,tbp,-1,8,7,4,False,none,none,16.0,4.0,8,-1,100,True,four_pt
/data3/Thanaporn/kmedicon/WSIs/BLOP-KA-00345-S-TP-01.tif,1,tbp,-1,8,7,4,False,none,none,16.0,4.0,8,-1,100,True,four_pt
/data3/Thanaporn/kmedicon/WSIs/BLOP-KA-00302-S-TP-01.tif,1,tbp,-1,8,7,4,False,none,none,16.0,4.0,8,-1,100,True,four_pt
/data3/Thanaporn/kmedicon/WSIs/BLOP-KA-00939-S-TP-02.tif,1,tbp,-1,8,7,4,False,none,none,16.0,4.0,8,-1,100,True,four_pt
/data3/Thanaporn/kmedicon/WSIs/BLOP-KA-00362-S-TP-01.tif,1,tbp,-1,8,7,4,False,none,none,16.0,4.0,8,-1,100,True,four_pt
/data3/Thanaporn/kmedicon/WSIs/BLOP-KA-00769-S-TP-01.tif,1,tbp,-1,8,7,4,False,none,none,16.0,4.0,8,-1,100,True,four_pt
/data3/Thanaporn/kmedicon/WSIs/BLOP-KA-00079-S-TP-01.tif,1,tbp,-1,8,7,4,False,none,none,16.0,4.0,8,-1,100,True,four_pt
/data3/Thanaporn/kmedicon/WSIs/BLOP-KA-00637-S-TP-01.tif,1,tbp,-1,8,7,4,False,none,none,16.0,4.0,8,-1,100,True,four_pt
/data3/Thanaporn/kmedicon/WSIs/BLOP-KA-00037-S-TP-03.tif,1,tbp,-1,8,7,4,False,none,none,16.0,4.0,8,-1,100,True,four_pt
/data3/Thanaporn/kmedicon/WSIs/BLOP-KA-00143-S-TP-01.tif,1,tbp,-1,8,7,4,False,none,none,16.0,4.0,8,-1,100,True,four_pt
/data3/Thanaporn/kmedicon/WSIs/BLOP-KA-00457-S-TP-01.tif,1,tbp,-1,8,7,4,False,none,none,16.0,4.0,8,-1,100,True,four_pt
/data3/Thanaporn/kmedicon/WSIs/BLOP-KA-00566-S-TP-02.tif,1,tbp,-1,8,7,4,False,none,none,16.0,4.0,8,-1,100,True,four_pt
/data3/Thanaporn/kmedicon/WSIs/BLOP-KA-00165-S-TP-02.tif,1,tbp,-1,8,7,4,False,none,none,16.0,4.0,8,-1,100,True,four_pt
/data3/Thanaporn/kmedicon/WSIs/BLOP-KA-00008-S-TP-03.tif,1,tbp,-1,8,7,4,False,none,none,16.0,4.0,8,-1,100,True,four_pt
/data3/Thanaporn/kmedicon/WSIs/BLOP-KA-00777-S-TP-01.tif,1,tbp,-1,8,7,4,False,none,none,16.0,4.0,8,-1,100,True,four_pt
/data3/Thanaporn/kmedicon/WSIs/BLOP-KA-00094-S-TP-01.tif,1,tbp,-1,8,7,4,False,none,none,16.0,4.0,8,-1,100,True,four_pt
/data3/Thanaporn/kmedicon/WSIs/BLOP-KA-00017-S-TP-01.tif,1,tbp,-1,8,7,4,False,none,none,16.0,4.0,8,-1,100,True,four_pt
/data3/Thanaporn/kmedicon/WSIs/BLOP-KA-00770-S-TP-01.tif,1,tbp,-1,8,7,4,False,none,none,16.0,4.0,8,-1,100,True,four_pt
/data3/Thanaporn/kmedicon/WSIs/BLOP-KA-00021-S-TP-02.tif,1,tbp,-1,8,7,4,False,none,none,16.0,4.0,8,-1,100,True,four_pt
/data3/Thanaporn/kmedicon/WSIs/BLOP-KA-00581-S-TP-01.tif,1,tbp,-1,8,7,4,False,none,none,16.0,4.0,8,-1,100,True,four_pt
/data3/Thanaporn/kmedicon/WSIs/BLOP-KA-00364-S-TP-01.tif,1,tbp,-1,8,7,4,False,none,none,16.0,4.0,8,-1,100,True,four_pt
/data3/Thanaporn/kmedicon/WSIs/BLOP-KA-00423-S-TP-01.tif,1,tbp,-1,8,7,4,False,none,none,16.0,4.0,8,-1,100,True,four_pt
/data3/Thanaporn/kmedicon/WSIs/BLOP-KA-00524-S-TP-01.tif,1,tbp,-1,8,7,4,False,none,none,16.0,4.0,8,-1,100,True,four_pt
/data3/Thanaporn/kmedicon/WSIs/BLOP-KA-00504-S-TP-01.tif,1,tbp,-1,8,7,4,False,none,none,16.0,4.0,8,-1,100,True,four_pt
/data3/Thanaporn/kmedicon/WSIs/BLOP-KA-00707-S-TP-01.tif,1,tbp,-1,8,7,4,False,none,none,16.0,4.0,8,-1,100,True,four_pt
/data3/Thanaporn/kmedicon/WSIs/BLOP-KA-00677-S-TP-01.tif,1,tbp,-1,8,7,4,False,none,none,16.0,4.0,8,-1,100,True,four_pt
/data3/Thanaporn/kmedicon/WSIs/BLOP-KA-00750-S-TP-01.tif,1,tbp,-1,8,7,4,False,none,none,16.0,4.0,8,-1,100,True,four_pt
/data3/Thanaporn/kmedicon/WSIs/BLOP-KA-00021-S-TP-03.tif,1,tbp,-1,8,7,4,False,none,none,16.0,4.0,8,-1,100,True,four_pt
/data3/Thanaporn/kmedicon/WSIs/BLOP-KA-00955-S-TP-03.tif,1,tbp,-1,8,7,4,False,none,none,16.0,4.0,8,-1,100,True,four_pt
/data3/Thanaporn/kmedicon/WSIs/BLOP-KA-00120-S-TP-01.tif,1,tbp,-1,8,7,4,False,none,none,16.0,4.0,8,-1,100,True,four_pt
/data3/Thanaporn/kmedicon/WSIs/BLOP-KA-00623-S-TP-03.tif,1,tbp,-1,8,7,4,False,none,none,16.0,4.0,8,-1,100,True,four_pt
/data3/Thanaporn/kmedicon/WSIs/BLOP-KA-00788-S-TP-01.tif,1,tbp,-1,8,7,4,False,none,none,16.0,4.0,8,-1,100,True,four_pt
/data3/Thanaporn/kmedicon/WSIs/BLOP-KA-00814-S-TP-01.tif,1,tbp,-1,8,7,4,False,none,none,16.0,4.0,8,-1,100,True,four_pt
/data3/Thanaporn/kmedicon/WSIs/BLOP-KA-00218-S-TP-01.tif,1,tbp,-1,8,7,4,False,none,none,16.0,4.0,8,-1,100,True,four_pt
/data3/Thanaporn/kmedicon/WSIs/BLOP-KA-00310-S-TP-02.tif,1,tbp,-1,8,7,4,False,none,none,16.0,4.0,8,-1,100,True,four_pt
/data3/Thanaporn/kmedicon/WSIs/BLOP-KA-00032-S-TP-02.tif,1,tbp,-1,8,7,4,False,none,none,16.0,4.0,8,-1,100,True,four_pt
/data3/Thanaporn/kmedicon/WSIs/BLOP-KA-00383-S-TP-02.tif,1,tbp,-1,8,7,4,False,none,none,16.0,4.0,8,-1,100,True,four_pt
/data3/Thanaporn/kmedicon/WSIs/BLOP-KA-00262-S-TP-02.tif,1,tbp,-1,8,7,4,False,none,none,16.0,4.0,8,-1,100,True,four_pt
/data3/Thanaporn/kmedicon/WSIs/BLOP-KA-00048-S-TP-02.tif,1,tbp,-1,8,7,4,False,none,none,16.0,4.0,8,-1,100,True,four_pt
/data3/Thanaporn/kmedicon/WSIs/BLOP-KA-00327-S-TP-01.tif,1,tbp,-1,8,7,4,False,none,none,16.0,4.0,8,-1,100,True,four_pt
/data3/Thanaporn/kmedicon/WSIs/BLOP-KA-00284-S-TP-01.tif,1,tbp,-1,8,7,4,False,none,none,16.0,4.0,8,-1,100,True,four_pt
/data3/Thanaporn/kmedicon/WSIs/BLOP-KA-00275-S-TP-01.tif,1,tbp,-1,8,7,4,False,none,none,16.0,4.0,8,-1,100,True,four_pt
/data3/Thanaporn/kmedicon/WSIs/BLOP-KA-00960-S-TP-01.tif,1,tbp,-1,8,7,4,False,none,none,16.0,4.0,8,-1,100,True,four_pt
/data3/Thanaporn/kmedicon/WSIs/BLOP-KA-00338-S-TP-01.tif,1,tbp,-1,8,7,4,False,none,none,16.0,4.0,8,-1,100,True,four_pt
/data3/Thanaporn/kmedicon/WSIs/BLOP-KA-00653-S-TP-02.tif,1,tbp,-1,8,7,4,False,none,none,16.0,4.0,8,-1,100,True,four_pt
/data3/Thanaporn/kmedicon/WSIs/BLOP-KA-00317-S-TP-01.tif,1,tbp,-1,8,7,4,False,none,none,16.0,4.0,8,-1,100,True,four_pt
/data3/Thanaporn/kmedicon/WSIs/BLOP-KA-00377-S-TP-01.tif,1,tbp,-1,8,7,4,False,none,none,16.0,4.0,8,-1,100,True,four_pt
/data3/Thanaporn/kmedicon/WSIs/BLOP-KA-00473-S-TP-01.tif,1,tbp,-1,8,7,4,False,none,none,16.0,4.0,8,-1,100,True,four_pt
/data3/Thanaporn/kmedicon/WSIs/BLOP-KA-00342-S-TP-01.tif,1,tbp,-1,8,7,4,False,none,none,16.0,4.0,8,-1,100,True,four_pt
/data3/Thanaporn/kmedicon/WSIs/BLOP-KA-00625-S-TP-01.tif,1,tbp,-1,8,7,4,False,none,none,16.0,4.0,8,-1,100,True,four_pt
/data3/Thanaporn/kmedicon/WSIs/BLOP-KA-00955-S-TP-02.tif,1,tbp,-1,8,7,4,False,none,none,16.0,4.0,8,-1,100,True,four_pt
/data3/Thanaporn/kmedicon/WSIs/BLOP-KA-00076-S-TP-01.tif,1,tbp,-1,8,7,4,False,none,none,16.0,4.0,8,-1,100,True,four_pt
/data3/Thanaporn/kmedicon/WSIs/BLOP-KA-00016-S-TP-02.tif,1,tbp,-1,8,7,4,False,none,none,16.0,4.0,8,-1,100,True,four_pt
/data3/Thanaporn/kmedicon/WSIs/BLOP-KA-00262-S-TP-01.tif,1,tbp,-1,8,7,4,False,none,none,16.0,4.0,8,-1,100,True,four_pt
/data3/Thanaporn/kmedicon/WSIs/BLOP-KA-00681-S-TP-04.tif,1,tbp,-1,8,7,4,False,none,none,16.0,4.0,8,-1,100,True,four_pt
/data3/Thanaporn/kmedicon/WSIs/BLOP-KA-00554-S-TP-01.tif,1,tbp,-1,8,7,4,False,none,none,16.0,4.0,8,-1,100,True,four_pt
/data3/Thanaporn/kmedicon/WSIs/BLOP-KA-00448-S-TP-01.tif,1,tbp,-1,8,7,4,False,none,none,16.0,4.0,8,-1,100,True,four_pt
/data3/Thanaporn/kmedicon/WSIs/BLOP-KA-00109-S-TP-01.tif,1,tbp,-1,8,7,4,False,none,none,16.0,4.0,8,-1,100,True,four_pt
/data3/Thanaporn/kmedicon/WSIs/BLOP-KA-00256-S-TP-01.tif,1,tbp,-1,8,7,4,False,none,none,16.0,4.0,8,-1,100,True,four_pt
/data3/Thanaporn/kmedicon/WSIs/BLOP-KA-00818-S-TP-01.tif,1,tbp,-1,8,7,4,False,none,none,16.0,4.0,8,-1,100,True,four_pt
/data3/Thanaporn/kmedicon/WSIs/BLOP-KA-00507-S-TP-01.tif,1,tbp,-1,8,7,4,False,none,none,16.0,4.0,8,-1,100,True,four_pt
/data3/Thanaporn/kmedicon/WSIs/BLOP-KA-00214-S-TP-01.tif,1,tbp,-1,8,7,4,False,none,none,16.0,4.0,8,-1,100,True,four_pt
/data3/Thanaporn/kmedicon/WSIs/BLOP-KA-00622-S-TP-02.tif,1,tbp,-1,8,7,4,False,none,none,16.0,4.0,8,-1,100,True,four_pt
/data3/Thanaporn/kmedicon/WSIs/BLOP-KA-00081-S-TP-01.tif,1,tbp,-1,8,7,4,False,none,none,16.0,4.0,8,-1,100,True,four_pt
/data3/Thanaporn/kmedicon/WSIs/BLOP-KA-00433-S-TP-01.tif,1,tbp,-1,8,7,4,False,none,none,16.0,4.0,8,-1,100,True,four_pt
/data3/Thanaporn/kmedicon/WSIs/BLOP-KA-00360-S-TP-02.tif,1,tbp,-1,8,7,4,False,none,none,16.0,4.0,8,-1,100,True,four_pt
/data3/Thanaporn/kmedicon/WSIs/BLOP-KA-00660-S-TP-01.tif,1,tbp,-1,8,7,4,False,none,none,16.0,4.0,8,-1,100,True,four_pt
/data3/Thanaporn/kmedicon/WSIs/BLOP-KA-00514-S-TP-01.tif,1,tbp,-1,8,7,4,False,none,none,16.0,4.0,8,-1,100,True,four_pt
/data3/Thanaporn/kmedicon/WSIs/BLOP-KA-00810-S-TP-01.tif,1,tbp,-1,8,7,4,False,none,none,16.0,4.0,8,-1,100,True,four_pt
/data3/Thanaporn/kmedicon/WSIs/BLOP-KA-00153-S-TP-01.tif,1,tbp,-1,8,7,4,False,none,none,16.0,4.0,8,-1,100,True,four_pt
/data3/Thanaporn/kmedicon/WSIs/BLOP-KA-00321-S-TP-04.tif,1,tbp,-1,8,7,4,False,none,none,16.0,4.0,8,-1,100,True,four_pt
/data3/Thanaporn/kmedicon/WSIs/BLOP-KA-00024-S-TP-01.tif,1,tbp,-1,8,7,4,False,none,none,16.0,4.0,8,-1,100,True,four_pt
/data3/Thanaporn/kmedicon/WSIs/BLOP-KA-00581-S-TP-02.tif,1,tbp,-1,8,7,4,False,none,none,16.0,4.0,8,-1,100,True,four_pt
/data3/Thanaporn/kmedicon/WSIs/BLOP-KA-00190-S-TP-01.tif,1,tbp,-1,8,7,4,False,none,none,16.0,4.0,8,-1,100,True,four_pt
/data3/Thanaporn/kmedicon/WSIs/BLOP-KA-00463-S-TP-02.tif,1,tbp,-1,8,7,4,False,none,none,16.0,4.0,8,-1,100,True,four_pt
/data3/Thanaporn/kmedicon/WSIs/BLOP-KA-00551-S-TP-01.tif,1,tbp,-1,8,7,4,False,none,none,16.0,4.0,8,-1,100,True,four_pt
/data3/Thanaporn/kmedicon/WSIs/BLOP-KA-00461-S-TP-02.tif,1,tbp,-1,8,7,4,False,none,none,16.0,4.0,8,-1,100,True,four_pt
/data3/Thanaporn/kmedicon/WSIs/BLOP-KA-00379-S-TP-01.tif,1,tbp,-1,8,7,4,False,none,none,16.0,4.0,8,-1,100,True,four_pt
/data3/Thanaporn/kmedicon/WSIs/BLOP-KA-00402-S-TP-01.tif,1,tbp,-1,8,7,4,False,none,none,16.0,4.0,8,-1,100,True,four_pt
/data3/Thanaporn/kmedicon/WSIs/BLOP-KA-00045-S-TP-01.tif,1,tbp,-1,8,7,4,False,none,none,16.0,4.0,8,-1,100,True,four_pt
/data3/Thanaporn/kmedicon/WSIs/BLOP-KA-00192-S-TP-02.tif,1,tbp,-1,8,7,4,False,none,none,16.0,4.0,8,-1,100,True,four_pt
/data3/Thanaporn/kmedicon/WSIs/BLOP-KA-00539-S-TP-01.tif,1,tbp,-1,8,7,4,False,none,none,16.0,4.0,8,-1,100,True,four_pt
/data3/Thanaporn/kmedicon/WSIs/BLOP-KA-00258-S-TP-01.tif,1,tbp,-1,8,7,4,False,none,none,16.0,4.0,8,-1,100,True,four_pt
/data3/Thanaporn/kmedicon/WSIs/BLOP-KA-00194-S-TP-01.tif,1,tbp,-1,8,7,4,False,none,none,16.0,4.0,8,-1,100,True,four_pt
/data3/Thanaporn/kmedicon/WSIs/BLOP-KA-00693-S-TP-01.tif,1,tbp,-1,8,7,4,False,none,none,16.0,4.0,8,-1,100,True,four_pt
/data3/Thanaporn/kmedicon/WSIs/BLOP-KA-00746-S-TP-01.tif,1,tbp,-1,8,7,4,False,none,none,16.0,4.0,8,-1,100,True,four_pt
/data3/Thanaporn/kmedicon/WSIs/BLOP-KA-00279-S-TP-01.tif,1,tbp,-1,8,7,4,False,none,none,16.0,4.0,8,-1,100,True,four_pt
/data3/Thanaporn/kmedicon/WSIs/BLOP-KA-00044-S-TP-04.tif,1,tbp,-1,8,7,4,False,none,none,16.0,4.0,8,-1,100,True,four_pt
/data3/Thanaporn/kmedicon/WSIs/BLOP-KA-00443-S-TP-02.tif,1,tbp,-1,8,7,4,False,none,none,16.0,4.0,8,-1,100,True,four_pt
/data3/Thanaporn/kmedicon/WSIs/BLOP-KA-00635-S-TP-03.tif,1,tbp,-1,8,7,4,False,none,none,16.0,4.0,8,-1,100,True,four_pt
/data3/Thanaporn/kmedicon/WSIs/BLOP-KA-00167-S-TP-01.tif,1,tbp,-1,8,7,4,False,none,none,16.0,4.0,8,-1,100,True,four_pt
/data3/Thanaporn/kmedicon/WSIs/BLOP-KA-00049-S-TP-01.tif,1,tbp,-1,8,7,4,False,none,none,16.0,4.0,8,-1,100,True,four_pt
/data3/Thanaporn/kmedicon/WSIs/BLOP-KA-00729-S-TP-01.tif,1,tbp,-1,8,7,4,False,none,none,16.0,4.0,8,-1,100,True,four_pt
/data3/Thanaporn/kmedicon/WSIs/BLOP-KA-00612-S-TP-01.tif,1,tbp,-1,8,7,4,False,none,none,16.0,4.0,8,-1,100,True,four_pt
/data3/Thanaporn/kmedicon/WSIs/BLOP-KA-00608-S-TP-02.tif,1,tbp,-1,8,7,4,False,none,none,16.0,4.0,8,-1,100,True,four_pt
/data3/Thanaporn/kmedicon/WSIs/BLOP-KA-00684-S-TP-01.tif,1,tbp,-1,8,7,4,False,none,none,16.0,4.0,8,-1,100,True,four_pt
/data3/Thanaporn/kmedicon/WSIs/BLOP-KA-00505-S-TP-01.tif,1,tbp,-1,8,7,4,False,none,none,16.0,4.0,8,-1,100,True,four_pt
/data3/Thanaporn/kmedicon/WSIs/BLOP-KA-00475-S-TP-02.tif,1,tbp,-1,8,7,4,False,none,none,16.0,4.0,8,-1,100,True,four_pt
/data3/Thanaporn/kmedicon/WSIs/BLOP-KA-00771-S-TP-01.tif,1,tbp,-1,8,7,4,False,none,none,16.0,4.0,8,-1,100,True,four_pt
/data3/Thanaporn/kmedicon/WSIs/BLOP-KA-00019-S-TP-01.tif,1,tbp,-1,8,7,4,False,none,none,16.0,4.0,8,-1,100,True,four_pt
/data3/Thanaporn/kmedicon/WSIs/BLOP-KA-00251-S-TP-01.tif,1,tbp,-1,8,7,4,False,none,none,16.0,4.0,8,-1,100,True,four_pt
/data3/Thanaporn/kmedicon/WSIs/BLOP-KA-00509-S-TP-01.tif,1,tbp,-1,8,7,4,False,none,none,16.0,4.0,8,-1,100,True,four_pt
/data3/Thanaporn/kmedicon/WSIs/BLOP-KA-00554-S-TP-02.tif,1,tbp,-1,8,7,4,False,none,none,16.0,4.0,8,-1,100,True,four_pt
/data3/Thanaporn/kmedicon/WSIs/BLOP-KA-00766-S-TP-03.tif,1,tbp,-1,8,7,4,False,none,none,16.0,4.0,8,-1,100,True,four_pt
/data3/Thanaporn/kmedicon/WSIs/BLOP-KA-00149-S-TP-02.tif,1,tbp,-1,8,7,4,False,none,none,16.0,4.0,8,-1,100,True,four_pt
/data3/Thanaporn/kmedicon/WSIs/BLOP-KA-00626-S-TP-02.tif,1,tbp,-1,8,7,4,False,none,none,16.0,4.0,8,-1,100,True,four_pt
/data3/Thanaporn/kmedicon/WSIs/BLOP-KA-00192-S-TP-01.tif,1,tbp,-1,8,7,4,False,none,none,16.0,4.0,8,-1,100,True,four_pt
/data3/Thanaporn/kmedicon/WSIs/BLOP-KA-00452-S-TP-01.tif,1,tbp,-1,8,7,4,False,none,none,16.0,4.0,8,-1,100,True,four_pt
/data3/Thanaporn/kmedicon/WSIs/BLOP-KA-00401-S-TP-01.tif,1,tbp,-1,8,7,4,False,none,none,16.0,4.0,8,-1,100,True,four_pt
/data3/Thanaporn/kmedicon/WSIs/BLOP-KA-00141-S-TP-01.tif,1,tbp,-1,8,7,4,False,none,none,16.0,4.0,8,-1,100,True,four_pt
/data3/Thanaporn/kmedicon/WSIs/BLOP-KA-00691-S-TP-01.tif,1,tbp,-1,8,7,4,False,none,none,16.0,4.0,8,-1,100,True,four_pt
/data3/Thanaporn/kmedicon/WSIs/BLOP-KA-00730-S-TP-01.tif,1,tbp,-1,8,7,4,False,none,none,16.0,4.0,8,-1,100,True,four_pt
/data3/Thanaporn/kmedicon/WSIs/BLOP-KA-00475-S-TP-05.tif,1,tbp,-1,8,7,4,False,none,none,16.0,4.0,8,-1,100,True,four_pt
/data3/Thanaporn/kmedicon/WSIs/BLOP-KA-00675-S-TP-01.tif,1,tbp,-1,8,7,4,False,none,none,16.0,4.0,8,-1,100,True,four_pt
/data3/Thanaporn/kmedicon/WSIs/BLOP-KA-00561-S-TP-01.tif,1,tbp,-1,8,7,4,False,none,none,16.0,4.0,8,-1,100,True,four_pt
/data3/Thanaporn/kmedicon/WSIs/BLOP-KA-00590-S-TP-01.tif,1,tbp,-1,8,7,4,False,none,none,16.0,4.0,8,-1,100,True,four_pt
/data3/Thanaporn/kmedicon/WSIs/BLOP-KA-00351-S-TP-04.tif,1,tbp,-1,8,7,4,False,none,none,16.0,4.0,8,-1,100,True,four_pt
/data3/Thanaporn/kmedicon/WSIs/BLOP-KA-00731-S-TP-01.tif,1,tbp,-1,8,7,4,False,none,none,16.0,4.0,8,-1,100,True,four_pt
/data3/Thanaporn/kmedicon/WSIs/BLOP-KA-00648-S-TP-06.tif,1,tbp,-1,8,7,4,False,none,none,16.0,4.0,8,-1,100,True,four_pt
/data3/Thanaporn/kmedicon/WSIs/BLOP-KA-00475-S-TP-03.tif,1,tbp,-1,8,7,4,False,none,none,16.0,4.0,8,-1,100,True,four_pt
/data3/Thanaporn/kmedicon/WSIs/BLOP-KA-00086-S-TP-01.tif,1,tbp,-1,8,7,4,False,none,none,16.0,4.0,8,-1,100,True,four_pt
/data3/Thanaporn/kmedicon/WSIs/BLOP-KA-00506-S-TP-01.tif,1,tbp,-1,8,7,4,False,none,none,16.0,4.0,8,-1,100,True,four_pt
/data3/Thanaporn/kmedicon/WSIs/BLOP-KA-00743-S-TP-02.tif,1,tbp,-1,8,7,4,False,none,none,16.0,4.0,8,-1,100,True,four_pt
/data3/Thanaporn/kmedicon/WSIs/BLOP-KA-00318-S-TP-01.tif,1,tbp,-1,8,7,4,False,none,none,16.0,4.0,8,-1,100,True,four_pt
/data3/Thanaporn/kmedicon/WSIs/BLOP-KA-00190-S-TP-02.tif,1,tbp,-1,8,7,4,False,none,none,16.0,4.0,8,-1,100,True,four_pt
/data3/Thanaporn/kmedicon/WSIs/BLOP-KA-00347-S-TP-01.tif,1,tbp,-1,8,7,4,False,none,none,16.0,4.0,8,-1,100,True,four_pt
/data3/Thanaporn/kmedicon/WSIs/BLOP-KA-00695-S-TP-03.tif,1,tbp,-1,8,7,4,False,none,none,16.0,4.0,8,-1,100,True,four_pt
/data3/Thanaporn/kmedicon/WSIs/BLOP-KA-00024-S-TP-03.tif,1,tbp,-1,8,7,4,False,none,none,16.0,4.0,8,-1,100,True,four_pt
/data3/Thanaporn/kmedicon/WSIs/BLOP-KA-00113-S-TP-01.tif,1,tbp,-1,8,7,4,False,none,none,16.0,4.0,8,-1,100,True,four_pt
/data3/Thanaporn/kmedicon/WSIs/BLOP-KA-00006-S-TP-01.tif,1,tbp,-1,8,7,4,False,none,none,16.0,4.0,8,-1,100,True,four_pt
/data3/Thanaporn/kmedicon/WSIs/BLOP-KA-00189-S-TP-01.tif,1,tbp,-1,8,7,4,False,none,none,16.0,4.0,8,-1,100,True,four_pt
/data3/Thanaporn/kmedicon/WSIs/BLOP-KA-00778-S-TP-02.tif,1,tbp,-1,8,7,4,False,none,none,16.0,4.0,8,-1,100,True,four_pt
/data3/Thanaporn/kmedicon/WSIs/BLOP-KA-00351-S-TP-01.tif,1,tbp,-1,8,7,4,False,none,none,16.0,4.0,8,-1,100,True,four_pt
/data3/Thanaporn/kmedicon/WSIs/BLOP-KA-00359-S-TP-02.tif,1,tbp,-1,8,7,4,False,none,none,16.0,4.0,8,-1,100,True,four_pt
/data3/Thanaporn/kmedicon/WSIs/BLOP-KA-00648-S-TP-03.tif,1,tbp,-1,8,7,4,False,none,none,16.0,4.0,8,-1,100,True,four_pt
/data3/Thanaporn/kmedicon/WSIs/BLOP-KA-00688-S-TP-02.tif,1,tbp,-1,8,7,4,False,none,none,16.0,4.0,8,-1,100,True,four_pt
/data3/Thanaporn/kmedicon/WSIs/BLOP-KA-00208-S-TP-02.tif,1,tbp,-1,8,7,4,False,none,none,16.0,4.0,8,-1,100,True,four_pt
/data3/Thanaporn/kmedicon/WSIs/BLOP-KA-00312-S-TP-01.tif,1,tbp,-1,8,7,4,False,none,none,16.0,4.0,8,-1,100,True,four_pt
/data3/Thanaporn/kmedicon/WSIs/BLOP-KA-00193-S-TP-02.tif,1,tbp,-1,8,7,4,False,none,none,16.0,4.0,8,-1,100,True,four_pt
/data3/Thanaporn/kmedicon/WSIs/BLOP-KA-00553-S-TP-01.tif,1,tbp,-1,8,7,4,False,none,none,16.0,4.0,8,-1,100,True,four_pt
/data3/Thanaporn/kmedicon/WSIs/BLOP-KA-00809-S-TP-01.tif,1,tbp,-1,8,7,4,False,none,none,16.0,4.0,8,-1,100,True,four_pt
/data3/Thanaporn/kmedicon/WSIs/BLOP-KA-00762-S-TP-01.tif,1,tbp,-1,8,7,4,False,none,none,16.0,4.0,8,-1,100,True,four_pt
/data3/Thanaporn/kmedicon/WSIs/BLOP-KA-00499-S-TP-01.tif,1,tbp,-1,8,7,4,False,none,none,16.0,4.0,8,-1,100,True,four_pt
/data3/Thanaporn/kmedicon/WSIs/BLOP-KA-00597-S-TP-02.tif,1,tbp,-1,8,7,4,False,none,none,16.0,4.0,8,-1,100,True,four_pt
/data3/Thanaporn/kmedicon/WSIs/BLOP-KA-00008-S-TP-01.tif,1,tbp,-1,8,7,4,False,none,none,16.0,4.0,8,-1,100,True,four_pt
/data3/Thanaporn/kmedicon/WSIs/BLOP-KA-00064-S-TP-01.tif,1,tbp,-1,8,7,4,False,none,none,16.0,4.0,8,-1,100,True,four_pt
/data3/Thanaporn/kmedicon/WSIs/BLOP-KA-00525-S-TP-03.tif,1,tbp,-1,8,7,4,False,none,none,16.0,4.0,8,-1,100,True,four_pt
/data3/Thanaporn/kmedicon/WSIs/BLOP-KA-00484-S-TP-02.tif,1,tbp,-1,8,7,4,False,none,none,16.0,4.0,8,-1,100,True,four_pt
/data3/Thanaporn/kmedicon/WSIs/BLOP-KA-00245-S-TP-01.tif,1,tbp,-1,8,7,4,False,none,none,16.0,4.0,8,-1,100,True,four_pt
/data3/Thanaporn/kmedicon/WSIs/BLOP-KA-00444-S-TP-02.tif,1,tbp,-1,8,7,4,False,none,none,16.0,4.0,8,-1,100,True,four_pt
/data3/Thanaporn/kmedicon/WSIs/BLOP-KA-00377-S-TP-02.tif,1,tbp,-1,8,7,4,False,none,none,16.0,4.0,8,-1,100,True,four_pt
/data3/Thanaporn/kmedicon/WSIs/BLOP-KA-00580-S-TP-03.tif,1,tbp,-1,8,7,4,False,none,none,16.0,4.0,8,-1,100,True,four_pt
/data3/Thanaporn/kmedicon/WSIs/BLOP-KA-00462-S-TP-01.tif,1,tbp,-1,8,7,4,False,none,none,16.0,4.0,8,-1,100,True,four_pt
/data3/Thanaporn/kmedicon/WSIs/BLOP-KA-00544-S-TP-01.tif,1,tbp,-1,8,7,4,False,none,none,16.0,4.0,8,-1,100,True,four_pt
/data3/Thanaporn/kmedicon/WSIs/BLOP-KA-00618-S-TP-01.tif,1,tbp,-1,8,7,4,False,none,none,16.0,4.0,8,-1,100,True,four_pt
/data3/Thanaporn/kmedicon/WSIs/BLOP-KA-00606-S-TP-01.tif,1,tbp,-1,8,7,4,False,none,none,16.0,4.0,8,-1,100,True,four_pt
/data3/Thanaporn/kmedicon/WSIs/BLOP-KA-00096-S-TP-01.tif,1,tbp,-1,8,7,4,False,none,none,16.0,4.0,8,-1,100,True,four_pt
/data3/Thanaporn/kmedicon/WSIs/BLOP-KA-00316-S-TP-01.tif,1,tbp,-1,8,7,4,False,none,none,16.0,4.0,8,-1,100,True,four_pt
/data3/Thanaporn/kmedicon/WSIs/BLOP-KA-00414-S-TP-01.tif,1,tbp,-1,8,7,4,False,none,none,16.0,4.0,8,-1,100,True,four_pt
/data3/Thanaporn/kmedicon/WSIs/BLOP-KA-00091-S-TP-01.tif,1,tbp,-1,8,7,4,False,none,none,16.0,4.0,8,-1,100,True,four_pt
/data3/Thanaporn/kmedicon/WSIs/BLOP-KA-00943-S-TP-01.tif,1,tbp,-1,8,7,4,False,none,none,16.0,4.0,8,-1,100,True,four_pt
/data3/Thanaporn/kmedicon/WSIs/BLOP-KA-00580-S-TP-01.tif,1,tbp,-1,8,7,4,False,none,none,16.0,4.0,8,-1,100,True,four_pt
/data3/Thanaporn/kmedicon/WSIs/BLOP-KA-00623-S-TP-02.tif,1,tbp,-1,8,7,4,False,none,none,16.0,4.0,8,-1,100,True,four_pt
/data3/Thanaporn/kmedicon/WSIs/BLOP-KA-00479-S-TP-01.tif,1,tbp,-1,8,7,4,False,none,none,16.0,4.0,8,-1,100,True,four_pt
/data3/Thanaporn/kmedicon/WSIs/BLOP-KA-00235-S-TP-01.tif,1,tbp,-1,8,7,4,False,none,none,16.0,4.0,8,-1,100,True,four_pt
/data3/Thanaporn/kmedicon/WSIs/BLOP-KA-00085-S-TP-02.tif,1,tbp,-1,8,7,4,False,none,none,16.0,4.0,8,-1,100,True,four_pt
/data3/Thanaporn/kmedicon/WSIs/BLOP-KA-00685-S-TP-01.tif,1,tbp,-1,8,7,4,False,none,none,16.0,4.0,8,-1,100,True,four_pt
/data3/Thanaporn/kmedicon/WSIs/BLOP-KA-00044-S-TP-03.tif,1,tbp,-1,8,7,4,False,none,none,16.0,4.0,8,-1,100,True,four_pt
/data3/Thanaporn/kmedicon/WSIs/BLOP-KA-00468-S-TP-01.tif,1,tbp,-1,8,7,4,False,none,none,16.0,4.0,8,-1,100,True,four_pt
/data3/Thanaporn/kmedicon/WSIs/BLOP-KA-00160-S-TP-01.tif,1,tbp,-1,8,7,4,False,none,none,16.0,4.0,8,-1,100,True,four_pt
/data3/Thanaporn/kmedicon/WSIs/BLOP-KA-00331-S-TP-02.tif,1,tbp,-1,8,7,4,False,none,none,16.0,4.0,8,-1,100,True,four_pt
/data3/Thanaporn/kmedicon/WSIs/BLOP-KA-00655-S-TP-01.tif,1,tbp,-1,8,7,4,False,none,none,16.0,4.0,8,-1,100,True,four_pt
/data3/Thanaporn/kmedicon/WSIs/BLOP-KA-00513-S-TP-03.tif,1,tbp,-1,8,7,4,False,none,none,16.0,4.0,8,-1,100,True,four_pt
/data3/Thanaporn/kmedicon/WSIs/BLOP-KA-00642-S-TP-01.tif,1,tbp,-1,8,7,4,False,none,none,16.0,4.0,8,-1,100,True,four_pt
/data3/Thanaporn/kmedicon/WSIs/BLOP-KA-00344-S-TP-01.tif,1,tbp,-1,8,7,4,False,none,none,16.0,4.0,8,-1,100,True,four_pt
/data3/Thanaporn/kmedicon/WSIs/BLOP-KA-00704-S-TP-02.tif,1,tbp,-1,8,7,4,False,none,none,16.0,4.0,8,-1,100,True,four_pt
/data3/Thanaporn/kmedicon/WSIs/BLOP-KA-00497-S-TP-01.tif,1,tbp,-1,8,7,4,False,none,none,16.0,4.0,8,-1,100,True,four_pt
/data3/Thanaporn/kmedicon/WSIs/BLOP-KA-00332-S-TP-03.tif,1,tbp,-1,8,7,4,False,none,none,16.0,4.0,8,-1,100,True,four_pt
/data3/Thanaporn/kmedicon/WSIs/BLOP-KA-00532-S-TP-01.tif,1,tbp,-1,8,7,4,False,none,none,16.0,4.0,8,-1,100,True,four_pt
/data3/Thanaporn/kmedicon/WSIs/BLOP-KA-00630-S-TP-07.tif,1,tbp,-1,8,7,4,False,none,none,16.0,4.0,8,-1,100,True,four_pt
/data3/Thanaporn/kmedicon/WSIs/BLOP-KA-00780-S-TP-02.tif,1,tbp,-1,8,7,4,False,none,none,16.0,4.0,8,-1,100,True,four_pt
/data3/Thanaporn/kmedicon/WSIs/BLOP-KA-00265-S-TP-01.tif,1,tbp,-1,8,7,4,False,none,none,16.0,4.0,8,-1,100,True,four_pt
/data3/Thanaporn/kmedicon/WSIs/BLOP-KA-00112-S-TP-01.tif,1,tbp,-1,8,7,4,False,none,none,16.0,4.0,8,-1,100,True,four_pt
/data3/Thanaporn/kmedicon/WSIs/BLOP-KA-00530-S-TP-01.tif,1,tbp,-1,8,7,4,False,none,none,16.0,4.0,8,-1,100,True,four_pt
/data3/Thanaporn/kmedicon/WSIs/BLOP-KA-00258-S-TP-02.tif,1,tbp,-1,8,7,4,False,none,none,16.0,4.0,8,-1,100,True,four_pt
/data3/Thanaporn/kmedicon/WSIs/BLOP-KA-00385-S-TP-02.tif,1,tbp,-1,8,7,4,False,none,none,16.0,4.0,8,-1,100,True,four_pt
/data3/Thanaporn/kmedicon/WSIs/BLOP-KA-00248-S-TP-02.tif,1,tbp,-1,8,7,4,False,none,none,16.0,4.0,8,-1,100,True,four_pt
/data3/Thanaporn/kmedicon/WSIs/BLOP-KA-00013-S-TP-01.tif,1,tbp,-1,8,7,4,False,none,none,16.0,4.0,8,-1,100,True,four_pt
/data3/Thanaporn/kmedicon/WSIs/BLOP-KA-00373-S-TP-01.tif,1,tbp,-1,8,7,4,False,none,none,16.0,4.0,8,-1,100,True,four_pt
/data3/Thanaporn/kmedicon/WSIs/BLOP-KA-00610-S-TP-01.tif,1,tbp,-1,8,7,4,False,none,none,16.0,4.0,8,-1,100,True,four_pt
/data3/Thanaporn/kmedicon/WSIs/BLOP-KA-00513-S-TP-02.tif,1,tbp,-1,8,7,4,False,none,none,16.0,4.0,8,-1,100,True,four_pt
/data3/Thanaporn/kmedicon/WSIs/BLOP-KA-00052-S-TP-01.tif,1,tbp,-1,8,7,4,False,none,none,16.0,4.0,8,-1,100,True,four_pt
/data3/Thanaporn/kmedicon/WSIs/BLOP-KA-00011-S-TP-02.tif,1,tbp,-1,8,7,4,False,none,none,16.0,4.0,8,-1,100,True,four_pt
/data3/Thanaporn/kmedicon/WSIs/BLOP-KA-00492-S-TP-01.tif,1,tbp,-1,8,7,4,False,none,none,16.0,4.0,8,-1,100,True,four_pt
/data3/Thanaporn/kmedicon/WSIs/BLOP-KA-00107-S-TP-02.tif,1,tbp,-1,8,7,4,False,none,none,16.0,4.0,8,-1,100,True,four_pt
/data3/Thanaporn/kmedicon/WSIs/BLOP-KA-00563-S-TP-01.tif,1,tbp,-1,8,7,4,False,none,none,16.0,4.0,8,-1,100,True,four_pt
/data3/Thanaporn/kmedicon/WSIs/BLOP-KA-00196-S-TP-01.tif,1,tbp,-1,8,7,4,False,none,none,16.0,4.0,8,-1,100,True,four_pt
/data3/Thanaporn/kmedicon/WSIs/BLOP-KA-00808-S-TP-01.tif,1,tbp,-1,8,7,4,False,none,none,16.0,4.0,8,-1,100,True,four_pt
/data3/Thanaporn/kmedicon/WSIs/BLOP-KA-00509-S-TP-03.tif,1,tbp,-1,8,7,4,False,none,none,16.0,4.0,8,-1,100,True,four_pt
/data3/Thanaporn/kmedicon/WSIs/BLOP-KA-00567-S-TP-01.tif,1,tbp,-1,8,7,4,False,none,none,16.0,4.0,8,-1,100,True,four_pt
/data3/Thanaporn/kmedicon/WSIs/BLOP-KA-00391-S-TP-03.tif,1,tbp,-1,8,7,4,False,none,none,16.0,4.0,8,-1,100,True,four_pt
/data3/Thanaporn/kmedicon/WSIs/BLOP-KA-00957-S-TP-01.tif,1,tbp,-1,8,7,4,False,none,none,16.0,4.0,8,-1,100,True,four_pt
/data3/Thanaporn/kmedicon/WSIs/BLOP-KA-00681-S-TP-01.tif,1,tbp,-1,8,7,4,False,none,none,16.0,4.0,8,-1,100,True,four_pt
/data3/Thanaporn/kmedicon/WSIs/BLOP-KA-00779-S-TP-01.tif,1,tbp,-1,8,7,4,False,none,none,16.0,4.0,8,-1,100,True,four_pt
/data3/Thanaporn/kmedicon/WSIs/BLOP-KA-00168-S-TP-01.tif,1,tbp,-1,8,7,4,False,none,none,16.0,4.0,8,-1,100,True,four_pt
/data3/Thanaporn/kmedicon/WSIs/BLOP-KA-00243-S-TP-01.tif,1,tbp,-1,8,7,4,False,none,none,16.0,4.0,8,-1,100,True,four_pt
/data3/Thanaporn/kmedicon/WSIs/BLOP-KA-00724-S-TP-01.tif,1,tbp,-1,8,7,4,False,none,none,16.0,4.0,8,-1,100,True,four_pt
/data3/Thanaporn/kmedicon/WSIs/BLOP-KA-00560-S-TP-01.tif,1,tbp,-1,8,7,4,False,none,none,16.0,4.0,8,-1,100,True,four_pt
/data3/Thanaporn/kmedicon/WSIs/BLOP-KA-00328-S-TP-01.tif,1,tbp,-1,8,7,4,False,none,none,16.0,4.0,8,-1,100,True,four_pt
/data3/Thanaporn/kmedicon/WSIs/BLOP-KA-00325-S-TP-01.tif,1,tbp,-1,8,7,4,False,none,none,16.0,4.0,8,-1,100,True,four_pt
/data3/Thanaporn/kmedicon/WSIs/BLOP-KA-00278-S-TP-02.tif,1,tbp,-1,8,7,4,False,none,none,16.0,4.0,8,-1,100,True,four_pt
/data3/Thanaporn/kmedicon/WSIs/BLOP-KA-00695-S-TP-02.tif,1,tbp,-1,8,7,4,False,none,none,16.0,4.0,8,-1,100,True,four_pt
/data3/Thanaporn/kmedicon/WSIs/BLOP-KA-00772-S-TP-01.tif,1,tbp,-1,8,7,4,False,none,none,16.0,4.0,8,-1,100,True,four_pt
/data3/Thanaporn/kmedicon/WSIs/BLOP-KA-00689-S-TP-01.tif,1,tbp,-1,8,7,4,False,none,none,16.0,4.0,8,-1,100,True,four_pt
/data3/Thanaporn/kmedicon/WSIs/BLOP-KA-00053-S-TP-02.tif,1,tbp,-1,8,7,4,False,none,none,16.0,4.0,8,-1,100,True,four_pt
/data3/Thanaporn/kmedicon/WSIs/BLOP-KA-00086-S-TP-02.tif,1,tbp,-1,8,7,4,False,none,none,16.0,4.0,8,-1,100,True,four_pt
/data3/Thanaporn/kmedicon/WSIs/BLOP-KA-00309-S-TP-01.tif,1,tbp,-1,8,7,4,False,none,none,16.0,4.0,8,-1,100,True,four_pt
/data3/Thanaporn/kmedicon/WSIs/BLOP-KA-00005-S-TP-02.tif,1,tbp,-1,8,7,4,False,none,none,16.0,4.0,8,-1,100,True,four_pt
/data3/Thanaporn/kmedicon/WSIs/BLOP-KA-00459-S-TP-01.tif,1,tbp,-1,8,7,4,False,none,none,16.0,4.0,8,-1,100,True,four_pt
/data3/Thanaporn/kmedicon/WSIs/BLOP-KA-00690-S-TP-01.tif,1,tbp,-1,8,7,4,False,none,none,16.0,4.0,8,-1,100,True,four_pt
/data3/Thanaporn/kmedicon/WSIs/BLOP-KA-00083-S-TP-01.tif,1,tbp,-1,8,7,4,False,none,none,16.0,4.0,8,-1,100,True,four_pt
/data3/Thanaporn/kmedicon/WSIs/BLOP-KA-00374-S-TP-02.tif,1,tbp,-1,8,7,4,False,none,none,16.0,4.0,8,-1,100,True,four_pt
/data3/Thanaporn/kmedicon/WSIs/BLOP-KA-00471-S-TP-01.tif,1,tbp,-1,8,7,4,False,none,none,16.0,4.0,8,-1,100,True,four_pt
/data3/Thanaporn/kmedicon/WSIs/BLOP-KA-00148-S-TP-01.tif,1,tbp,-1,8,7,4,False,none,none,16.0,4.0,8,-1,100,True,four_pt
/data3/Thanaporn/kmedicon/WSIs/BLOP-KA-00049-S-TP-02.tif,1,tbp,-1,8,7,4,False,none,none,16.0,4.0,8,-1,100,True,four_pt
/data3/Thanaporn/kmedicon/WSIs/BLOP-KA-00273-S-TP-01.tif,1,tbp,-1,8,7,4,False,none,none,16.0,4.0,8,-1,100,True,four_pt
/data3/Thanaporn/kmedicon/WSIs/BLOP-KA-00753-S-TP-01.tif,1,tbp,-1,8,7,4,False,none,none,16.0,4.0,8,-1,100,True,four_pt
/data3/Thanaporn/kmedicon/WSIs/BLOP-KA-00505-S-TP-03.tif,1,tbp,-1,8,7,4,False,none,none,16.0,4.0,8,-1,100,True,four_pt
/data3/Thanaporn/kmedicon/WSIs/BLOP-KA-00777-S-TP-02.tif,1,tbp,-1,8,7,4,False,none,none,16.0,4.0,8,-1,100,True,four_pt
/data3/Thanaporn/kmedicon/WSIs/BLOP-KA-00648-S-TP-07.tif,1,tbp,-1,8,7,4,False,none,none,16.0,4.0,8,-1,100,True,four_pt
/data3/Thanaporn/kmedicon/WSIs/BLOP-KA-00451-S-TP-01.tif,1,tbp,-1,8,7,4,False,none,none,16.0,4.0,8,-1,100,True,four_pt
/data3/Thanaporn/kmedicon/WSIs/BLOP-KA-00383-S-TP-01.tif,1,tbp,-1,8,7,4,False,none,none,16.0,4.0,8,-1,100,True,four_pt
/data3/Thanaporn/kmedicon/WSIs/BLOP-KA-00024-S-TP-02.tif,1,tbp,-1,8,7,4,False,none,none,16.0,4.0,8,-1,100,True,four_pt
/data3/Thanaporn/kmedicon/WSIs/BLOP-KA-00382-S-TP-01.tif,1,tbp,-1,8,7,4,False,none,none,16.0,4.0,8,-1,100,True,four_pt
/data3/Thanaporn/kmedicon/WSIs/BLOP-KA-00399-S-TP-01.tif,1,tbp,-1,8,7,4,False,none,none,16.0,4.0,8,-1,100,True,four_pt
/data3/Thanaporn/kmedicon/WSIs/BLOP-KA-00583-S-TP-01.tif,1,tbp,-1,8,7,4,False,none,none,16.0,4.0,8,-1,100,True,four_pt
/data3/Thanaporn/kmedicon/WSIs/BLOP-KA-00363-S-TP-01.tif,1,tbp,-1,8,7,4,False,none,none,16.0,4.0,8,-1,100,True,four_pt
/data3/Thanaporn/kmedicon/WSIs/BLOP-KA-00120-S-TP-02.tif,1,tbp,-1,8,7,4,False,none,none,16.0,4.0,8,-1,100,True,four_pt
/data3/Thanaporn/kmedicon/WSIs/BLOP-KA-00051-S-TP-02.tif,1,tbp,-1,8,7,4,False,none,none,16.0,4.0,8,-1,100,True,four_pt
/data3/Thanaporn/kmedicon/WSIs/BLOP-KA-00407-S-TP-01.tif,1,tbp,-1,8,7,4,False,none,none,16.0,4.0,8,-1,100,True,four_pt
/data3/Thanaporn/kmedicon/WSIs/BLOP-KA-00179-S-TP-01.tif,1,tbp,-1,8,7,4,False,none,none,16.0,4.0,8,-1,100,True,four_pt
/data3/Thanaporn/kmedicon/WSIs/BLOP-KA-00484-S-TP-01.tif,1,tbp,-1,8,7,4,False,none,none,16.0,4.0,8,-1,100,True,four_pt
/data3/Thanaporn/kmedicon/WSIs/BLOP-KA-00321-S-TP-06.tif,1,tbp,-1,8,7,4,False,none,none,16.0,4.0,8,-1,100,True,four_pt
/data3/Thanaporn/kmedicon/WSIs/BLOP-KA-00231-S-TP-01.tif,1,tbp,-1,8,7,4,False,none,none,16.0,4.0,8,-1,100,True,four_pt
/data3/Thanaporn/kmedicon/WSIs/BLOP-KA-00242-S-TP-02.tif,1,tbp,-1,8,7,4,False,none,none,16.0,4.0,8,-1,100,True,four_pt
/data3/Thanaporn/kmedicon/WSIs/BLOP-KA-00311-S-TP-01.tif,1,tbp,-1,8,7,4,False,none,none,16.0,4.0,8,-1,100,True,four_pt
/data3/Thanaporn/kmedicon/WSIs/BLOP-KA-00022-S-TP-02.tif,1,tbp,-1,8,7,4,False,none,none,16.0,4.0,8,-1,100,True,four_pt
/data3/Thanaporn/kmedicon/WSIs/BLOP-KA-00266-S-TP-01.tif,1,tbp,-1,8,7,4,False,none,none,16.0,4.0,8,-1,100,True,four_pt
/data3/Thanaporn/kmedicon/WSIs/BLOP-KA-00572-S-TP-01.tif,1,tbp,-1,8,7,4,False,none,none,16.0,4.0,8,-1,100,True,four_pt
/data3/Thanaporn/kmedicon/WSIs/BLOP-KA-00441-S-TP-01.tif,1,tbp,-1,8,7,4,False,none,none,16.0,4.0,8,-1,100,True,four_pt
/data3/Thanaporn/kmedicon/WSIs/BLOP-KA-00776-S-TP-01.tif,1,tbp,-1,8,7,4,False,none,none,16.0,4.0,8,-1,100,True,four_pt
/data3/Thanaporn/kmedicon/WSIs/BLOP-KA-00035-S-TP-02.tif,1,tbp,-1,8,7,4,False,none,none,16.0,4.0,8,-1,100,True,four_pt
/data3/Thanaporn/kmedicon/WSIs/BLOP-KA-00442-S-TP-02.tif,1,tbp,-1,8,7,4,False,none,none,16.0,4.0,8,-1,100,True,four_pt
/data3/Thanaporn/kmedicon/WSIs/BLOP-KA-00527-S-TP-01.tif,1,tbp,-1,8,7,4,False,none,none,16.0,4.0,8,-1,100,True,four_pt
/data3/Thanaporn/kmedicon/WSIs/BLOP-KA-00332-S-TP-01.tif,1,tbp,-1,8,7,4,False,none,none,16.0,4.0,8,-1,100,True,four_pt
/data3/Thanaporn/kmedicon/WSIs/BLOP-KA-00060-S-TP-01.tif,1,tbp,-1,8,7,4,False,none,none,16.0,4.0,8,-1,100,True,four_pt
/data3/Thanaporn/kmedicon/WSIs/BLOP-KA-00747-S-TP-01.tif,1,tbp,-1,8,7,4,False,none,none,16.0,4.0,8,-1,100,True,four_pt
/data3/Thanaporn/kmedicon/WSIs/BLOP-KA-00147-S-TP-01.tif,1,tbp,-1,8,7,4,False,none,none,16.0,4.0,8,-1,100,True,four_pt
/data3/Thanaporn/kmedicon/WSIs/BLOP-KA-00090-S-TP-01.tif,1,tbp,-1,8,7,4,False,none,none,16.0,4.0,8,-1,100,True,four_pt
/data3/Thanaporn/kmedicon/WSIs/BLOP-KA-00483-S-TP-01.tif,1,tbp,-1,8,7,4,False,none,none,16.0,4.0,8,-1,100,True,four_pt
/data3/Thanaporn/kmedicon/WSIs/BLOP-KA-00233-S-TP-01.tif,1,tbp,-1,8,7,4,False,none,none,16.0,4.0,8,-1,100,True,four_pt
/data3/Thanaporn/kmedicon/WSIs/BLOP-KA-00367-S-TP-01.tif,1,tbp,-1,8,7,4,False,none,none,16.0,4.0,8,-1,100,True,four_pt
/data3/Thanaporn/kmedicon/WSIs/BLOP-KA-00752-S-TP-01.tif,1,tbp,-1,8,7,4,False,none,none,16.0,4.0,8,-1,100,True,four_pt
/data3/Thanaporn/kmedicon/WSIs/BLOP-KA-00385-S-TP-01.tif,1,tbp,-1,8,7,4,False,none,none,16.0,4.0,8,-1,100,True,four_pt
/data3/Thanaporn/kmedicon/WSIs/BLOP-KA-00705-S-TP-01.tif,1,tbp,-1,8,7,4,False,none,none,16.0,4.0,8,-1,100,True,four_pt
/data3/Thanaporn/kmedicon/WSIs/BLOP-KA-00944-S-TP-02.tif,1,tbp,-1,8,7,4,False,none,none,16.0,4.0,8,-1,100,True,four_pt
/data3/Thanaporn/kmedicon/WSIs/BLOP-KA-00104-S-TP-01.tif,1,tbp,-1,8,7,4,False,none,none,16.0,4.0,8,-1,100,True,four_pt
/data3/Thanaporn/kmedicon/WSIs/BLOP-KA-00941-S-TP-02.tif,1,tbp,-1,8,7,4,False,none,none,16.0,4.0,8,-1,100,True,four_pt
/data3/Thanaporn/kmedicon/WSIs/BLOP-KA-00021-S-TP-01.tif,1,tbp,-1,8,7,4,False,none,none,16.0,4.0,8,-1,100,True,four_pt
/data3/Thanaporn/kmedicon/WSIs/BLOP-KA-00727-S-TP-02.tif,1,tbp,-1,8,7,4,False,none,none,16.0,4.0,8,-1,100,True,four_pt
/data3/Thanaporn/kmedicon/WSIs/BLOP-KA-00263-S-TP-01.tif,1,tbp,-1,8,7,4,False,none,none,16.0,4.0,8,-1,100,True,four_pt
/data3/Thanaporn/kmedicon/WSIs/BLOP-KA-00153-S-TP-02.tif,1,tbp,-1,8,7,4,False,none,none,16.0,4.0,8,-1,100,True,four_pt
/data3/Thanaporn/kmedicon/WSIs/BLOP-KA-00584-S-TP-01.tif,1,tbp,-1,8,7,4,False,none,none,16.0,4.0,8,-1,100,True,four_pt
/data3/Thanaporn/kmedicon/WSIs/BLOP-KA-00203-S-TP-01.tif,1,tbp,-1,8,7,4,False,none,none,16.0,4.0,8,-1,100,True,four_pt
/data3/Thanaporn/kmedicon/WSIs/BLOP-KA-00012-S-TP-01.tif,1,tbp,-1,8,7,4,False,none,none,16.0,4.0,8,-1,100,True,four_pt
/data3/Thanaporn/kmedicon/WSIs/BLOP-KA-00623-S-TP-01.tif,1,tbp,-1,8,7,4,False,none,none,16.0,4.0,8,-1,100,True,four_pt
/data3/Thanaporn/kmedicon/WSIs/BLOP-KA-00444-S-TP-01.tif,1,tbp,-1,8,7,4,False,none,none,16.0,4.0,8,-1,100,True,four_pt
/data3/Thanaporn/kmedicon/WSIs/BLOP-KA-00379-S-TP-02.tif,1,tbp,-1,8,7,4,False,none,none,16.0,4.0,8,-1,100,True,four_pt
/data3/Thanaporn/kmedicon/WSIs/BLOP-KA-00491-S-TP-01.tif,1,tbp,-1,8,7,4,False,none,none,16.0,4.0,8,-1,100,True,four_pt
/data3/Thanaporn/kmedicon/WSIs/BLOP-KA-00406-S-TP-01.tif,1,tbp,-1,8,7,4,False,none,none,16.0,4.0,8,-1,100,True,four_pt
/data3/Thanaporn/kmedicon/WSIs/BLOP-KA-00249-S-TP-01.tif,1,tbp,-1,8,7,4,False,none,none,16.0,4.0,8,-1,100,True,four_pt
/data3/Thanaporn/kmedicon/WSIs/BLOP-KA-00616-S-TP-01.tif,1,tbp,-1,8,7,4,False,none,none,16.0,4.0,8,-1,100,True,four_pt
/data3/Thanaporn/kmedicon/WSIs/BLOP-KA-00766-S-TP-01.tif,1,tbp,-1,8,7,4,False,none,none,16.0,4.0,8,-1,100,True,four_pt
/data3/Thanaporn/kmedicon/WSIs/BLOP-KA-00434-S-TP-04.tif,1,tbp,-1,8,7,4,False,none,none,16.0,4.0,8,-1,100,True,four_pt
/data3/Thanaporn/kmedicon/WSIs/BLOP-KA-00522-S-TP-01.tif,1,tbp,-1,8,7,4,False,none,none,16.0,4.0,8,-1,100,True,four_pt
/data3/Thanaporn/kmedicon/WSIs/BLOP-KA-00676-S-TP-01.tif,1,tbp,-1,8,7,4,False,none,none,16.0,4.0,8,-1,100,True,four_pt
/data3/Thanaporn/kmedicon/WSIs/BLOP-KA-00645-S-TP-01.tif,1,tbp,-1,8,7,4,False,none,none,16.0,4.0,8,-1,100,True,four_pt
/data3/Thanaporn/kmedicon/WSIs/BLOP-KA-00221-S-TP-01.tif,1,tbp,-1,8,7,4,False,none,none,16.0,4.0,8,-1,100,True,four_pt
/data3/Thanaporn/kmedicon/WSIs/BLOP-KA-00437-S-TP-01.tif,1,tbp,-1,8,7,4,False,none,none,16.0,4.0,8,-1,100,True,four_pt
/data3/Thanaporn/kmedicon/WSIs/BLOP-KA-00272-S-TP-02.tif,1,tbp,-1,8,7,4,False,none,none,16.0,4.0,8,-1,100,True,four_pt
/data3/Thanaporn/kmedicon/WSIs/BLOP-KA-00959-S-TP-01.tif,1,tbp,-1,8,7,4,False,none,none,16.0,4.0,8,-1,100,True,four_pt
/data3/Thanaporn/kmedicon/WSIs/BLOP-KA-00442-S-TP-01.tif,1,tbp,-1,8,7,4,False,none,none,16.0,4.0,8,-1,100,True,four_pt
/data3/Thanaporn/kmedicon/WSIs/BLOP-KA-00748-S-TP-01.tif,1,tbp,-1,8,7,4,False,none,none,16.0,4.0,8,-1,100,True,four_pt
/data3/Thanaporn/kmedicon/WSIs/BLOP-KA-00729-S-TP-02.tif,1,tbp,-1,8,7,4,False,none,none,16.0,4.0,8,-1,100,True,four_pt
/data3/Thanaporn/kmedicon/WSIs/BLOP-KA-00267-S-TP-01.tif,1,tbp,-1,8,7,4,False,none,none,16.0,4.0,8,-1,100,True,four_pt
/data3/Thanaporn/kmedicon/WSIs/BLOP-KA-00488-S-TP-01.tif,1,tbp,-1,8,7,4,False,none,none,16.0,4.0,8,-1,100,True,four_pt
/data3/Thanaporn/kmedicon/WSIs/BLOP-KA-00159-S-TP-02.tif,1,tbp,-1,8,7,4,False,none,none,16.0,4.0,8,-1,100,True,four_pt
/data3/Thanaporn/kmedicon/WSIs/BLOP-KA-00717-S-TP-02.tif,1,tbp,-1,8,7,4,False,none,none,16.0,4.0,8,-1,100,True,four_pt
/data3/Thanaporn/kmedicon/WSIs/BLOP-KA-00229-S-TP-01.tif,1,tbp,-1,8,7,4,False,none,none,16.0,4.0,8,-1,100,True,four_pt
/data3/Thanaporn/kmedicon/WSIs/BLOP-KA-00551-S-TP-02.tif,1,tbp,-1,8,7,4,False,none,none,16.0,4.0,8,-1,100,True,four_pt
/data3/Thanaporn/kmedicon/WSIs/BLOP-KA-00515-S-TP-01.tif,1,tbp,-1,8,7,4,False,none,none,16.0,4.0,8,-1,100,True,four_pt
/data3/Thanaporn/kmedicon/WSIs/BLOP-KA-00641-S-TP-02.tif,1,tbp,-1,8,7,4,False,none,none,16.0,4.0,8,-1,100,True,four_pt
/data3/Thanaporn/kmedicon/WSIs/BLOP-KA-00474-S-TP-01.tif,1,tbp,-1,8,7,4,False,none,none,16.0,4.0,8,-1,100,True,four_pt
/data3/Thanaporn/kmedicon/WSIs/BLOP-KA-00529-S-TP-01.tif,1,tbp,-1,8,7,4,False,none,none,16.0,4.0,8,-1,100,True,four_pt
/data3/Thanaporn/kmedicon/WSIs/BLOP-KA-00215-S-TP-01.tif,1,tbp,-1,8,7,4,False,none,none,16.0,4.0,8,-1,100,True,four_pt
/data3/Thanaporn/kmedicon/WSIs/BLOP-KA-00578-S-TP-01.tif,1,tbp,-1,8,7,4,False,none,none,16.0,4.0,8,-1,100,True,four_pt
/data3/Thanaporn/kmedicon/WSIs/BLOP-KA-00177-S-TP-01.tif,1,tbp,-1,8,7,4,False,none,none,16.0,4.0,8,-1,100,True,four_pt
/data3/Thanaporn/kmedicon/WSIs/BLOP-KA-00411-S-TP-01.tif,1,tbp,-1,8,7,4,False,none,none,16.0,4.0,8,-1,100,True,four_pt
/data3/Thanaporn/kmedicon/WSIs/BLOP-KA-00764-S-TP-01.tif,1,tbp,-1,8,7,4,False,none,none,16.0,4.0,8,-1,100,True,four_pt
/data3/Thanaporn/kmedicon/WSIs/BLOP-KA-00384-S-TP-01.tif,1,tbp,-1,8,7,4,False,none,none,16.0,4.0,8,-1,100,True,four_pt
/data3/Thanaporn/kmedicon/WSIs/BLOP-KA-00391-S-TP-04.tif,1,tbp,-1,8,7,4,False,none,none,16.0,4.0,8,-1,100,True,four_pt
/data3/Thanaporn/kmedicon/WSIs/BLOP-KA-00687-S-TP-01.tif,1,tbp,-1,8,7,4,False,none,none,16.0,4.0,8,-1,100,True,four_pt
/data3/Thanaporn/kmedicon/WSIs/BLOP-KA-00527-S-TP-02.tif,1,tbp,-1,8,7,4,False,none,none,16.0,4.0,8,-1,100,True,four_pt
/data3/Thanaporn/kmedicon/WSIs/BLOP-KA-00550-S-TP-01.tif,1,tbp,-1,8,7,4,False,none,none,16.0,4.0,8,-1,100,True,four_pt
/data3/Thanaporn/kmedicon/WSIs/BLOP-KA-00950-S-TP-01.tif,1,tbp,-1,8,7,4,False,none,none,16.0,4.0,8,-1,100,True,four_pt
/data3/Thanaporn/kmedicon/WSIs/BLOP-KA-00277-S-TP-01.tif,1,tbp,-1,8,7,4,False,none,none,16.0,4.0,8,-1,100,True,four_pt
/data3/Thanaporn/kmedicon/WSIs/BLOP-KA-00453-S-TP-02.tif,1,tbp,-1,8,7,4,False,none,none,16.0,4.0,8,-1,100,True,four_pt
/data3/Thanaporn/kmedicon/WSIs/BLOP-KA-00521-S-TP-01.tif,1,tbp,-1,8,7,4,False,none,none,16.0,4.0,8,-1,100,True,four_pt
/data3/Thanaporn/kmedicon/WSIs/BLOP-KA-00556-S-TP-02.tif,1,tbp,-1,8,7,4,False,none,none,16.0,4.0,8,-1,100,True,four_pt
/data3/Thanaporn/kmedicon/WSIs/BLOP-KA-00654-S-TP-01.tif,1,tbp,-1,8,7,4,False,none,none,16.0,4.0,8,-1,100,True,four_pt
/data3/Thanaporn/kmedicon/WSIs/BLOP-KA-00712-S-TP-03.tif,1,tbp,-1,8,7,4,False,none,none,16.0,4.0,8,-1,100,True,four_pt
/data3/Thanaporn/kmedicon/WSIs/BLOP-KA-00378-S-TP-01.tif,1,tbp,-1,8,7,4,False,none,none,16.0,4.0,8,-1,100,True,four_pt
/data3/Thanaporn/kmedicon/WSIs/BLOP-KA-00230-S-TP-01.tif,1,tbp,-1,8,7,4,False,none,none,16.0,4.0,8,-1,100,True,four_pt
/data3/Thanaporn/kmedicon/WSIs/BLOP-KA-00525-S-TP-01.tif,1,tbp,-1,8,7,4,False,none,none,16.0,4.0,8,-1,100,True,four_pt
/data3/Thanaporn/kmedicon/WSIs/BLOP-KA-00026-S-TP-01.tif,1,tbp,-1,8,7,4,False,none,none,16.0,4.0,8,-1,100,True,four_pt
/data3/Thanaporn/kmedicon/WSIs/BLOP-KA-00123-S-TP-02.tif,1,tbp,-1,8,7,4,False,none,none,16.0,4.0,8,-1,100,True,four_pt
/data3/Thanaporn/kmedicon/WSIs/BLOP-KA-00336-S-TP-01.tif,1,tbp,-1,8,7,4,False,none,none,16.0,4.0,8,-1,100,True,four_pt
/data3/Thanaporn/kmedicon/WSIs/BLOP-KA-00518-S-TP-01.tif,1,tbp,-1,8,7,4,False,none,none,16.0,4.0,8,-1,100,True,four_pt
/data3/Thanaporn/kmedicon/WSIs/BLOP-KA-00640-S-TP-01.tif,1,tbp,-1,8,7,4,False,none,none,16.0,4.0,8,-1,100,True,four_pt
/data3/Thanaporn/kmedicon/WSIs/BLOP-KA-00522-S-TP-02.tif,1,tbp,-1,8,7,4,False,none,none,16.0,4.0,8,-1,100,True,four_pt
/data3/Thanaporn/kmedicon/WSIs/BLOP-KA-00028-S-TP-03.tif,1,tbp,-1,8,7,4,False,none,none,16.0,4.0,8,-1,100,True,four_pt
/data3/Thanaporn/kmedicon/WSIs/BLOP-KA-00212-S-TP-01.tif,1,tbp,-1,8,7,4,False,none,none,16.0,4.0,8,-1,100,True,four_pt
/data3/Thanaporn/kmedicon/WSIs/BLOP-KA-00702-S-TP-01.tif,1,tbp,-1,8,7,4,False,none,none,16.0,4.0,8,-1,100,True,four_pt
/data3/Thanaporn/kmedicon/WSIs/BLOP-KA-00197-S-TP-01.tif,1,tbp,-1,8,7,4,False,none,none,16.0,4.0,8,-1,100,True,four_pt
/data3/Thanaporn/kmedicon/WSIs/BLOP-KA-00372-S-TP-01.tif,1,tbp,-1,8,7,4,False,none,none,16.0,4.0,8,-1,100,True,four_pt
/data3/Thanaporn/kmedicon/WSIs/BLOP-KA-00321-S-TP-05.tif,1,tbp,-1,8,7,4,False,none,none,16.0,4.0,8,-1,100,True,four_pt
/data3/Thanaporn/kmedicon/WSIs/BLOP-KA-00930-S-TP-01.tif,1,tbp,-1,8,7,4,False,none,none,16.0,4.0,8,-1,100,True,four_pt
/data3/Thanaporn/kmedicon/WSIs/BLOP-KA-00500-S-TP-02.tif,1,tbp,-1,8,7,4,False,none,none,16.0,4.0,8,-1,100,True,four_pt
/data3/Thanaporn/kmedicon/WSIs/BLOP-KA-00472-S-TP-01.tif,1,tbp,-1,8,7,4,False,none,none,16.0,4.0,8,-1,100,True,four_pt
/data3/Thanaporn/kmedicon/WSIs/BLOP-KA-00457-S-TP-02.tif,1,tbp,-1,8,7,4,False,none,none,16.0,4.0,8,-1,100,True,four_pt
/data3/Thanaporn/kmedicon/WSIs/BLOP-KA-00035-S-TP-01.tif,1,tbp,-1,8,7,4,False,none,none,16.0,4.0,8,-1,100,True,four_pt
/data3/Thanaporn/kmedicon/WSIs/BLOP-KA-00085-S-TP-01.tif,1,tbp,-1,8,7,4,False,none,none,16.0,4.0,8,-1,100,True,four_pt
/data3/Thanaporn/kmedicon/WSIs/BLOP-KA-00641-S-TP-01.tif,1,tbp,-1,8,7,4,False,none,none,16.0,4.0,8,-1,100,True,four_pt
/data3/Thanaporn/kmedicon/WSIs/BLOP-KA-00173-S-TP-01.tif,1,tbp,-1,8,7,4,False,none,none,16.0,4.0,8,-1,100,True,four_pt
/data3/Thanaporn/kmedicon/WSIs/BLOP-KA-00241-S-TP-02.tif,1,tbp,-1,8,7,4,False,none,none,16.0,4.0,8,-1,100,True,four_pt
/data3/Thanaporn/kmedicon/WSIs/BLOP-KA-00725-S-TP-01.tif,1,tbp,-1,8,7,4,False,none,none,16.0,4.0,8,-1,100,True,four_pt
/data3/Thanaporn/kmedicon/WSIs/BLOP-KA-00158-S-TP-03.tif,1,tbp,-1,8,7,4,False,none,none,16.0,4.0,8,-1,100,True,four_pt
/data3/Thanaporn/kmedicon/WSIs/BLOP-KA-00804-S-TP-01.tif,1,tbp,-1,8,7,4,False,none,none,16.0,4.0,8,-1,100,True,four_pt
/data3/Thanaporn/kmedicon/WSIs/BLOP-KA-00101-S-TP-01.tif,1,tbp,-1,8,7,4,False,none,none,16.0,4.0,8,-1,100,True,four_pt
/data3/Thanaporn/kmedicon/WSIs/BLOP-KA-00315-S-TP-01.tif,1,tbp,-1,8,7,4,False,none,none,16.0,4.0,8,-1,100,True,four_pt
/data3/Thanaporn/kmedicon/WSIs/BLOP-KA-00738-S-TP-02.tif,1,tbp,-1,8,7,4,False,none,none,16.0,4.0,8,-1,100,True,four_pt
/data3/Thanaporn/kmedicon/WSIs/BLOP-KA-00562-S-TP-01.tif,1,tbp,-1,8,7,4,False,none,none,16.0,4.0,8,-1,100,True,four_pt
/data3/Thanaporn/kmedicon/WSIs/BLOP-KA-00042-S-TP-01.tif,1,tbp,-1,8,7,4,False,none,none,16.0,4.0,8,-1,100,True,four_pt
/data3/Thanaporn/kmedicon/WSIs/BLOP-KA-00388-S-TP-01.tif,1,tbp,-1,8,7,4,False,none,none,16.0,4.0,8,-1,100,True,four_pt
/data3/Thanaporn/kmedicon/WSIs/BLOP-KA-00391-S-TP-01.tif,1,tbp,-1,8,7,4,False,none,none,16.0,4.0,8,-1,100,True,four_pt
/data3/Thanaporn/kmedicon/WSIs/BLOP-KA-00934-S-TP-01.tif,1,tbp,-1,8,7,4,False,none,none,16.0,4.0,8,-1,100,True,four_pt
/data3/Thanaporn/kmedicon/WSIs/BLOP-KA-00580-S-TP-02.tif,1,tbp,-1,8,7,4,False,none,none,16.0,4.0,8,-1,100,True,four_pt
/data3/Thanaporn/kmedicon/WSIs/BLOP-KA-00927-S-TP-01.tif,1,tbp,-1,8,7,4,False,none,none,16.0,4.0,8,-1,100,True,four_pt
/data3/Thanaporn/kmedicon/WSIs/BLOP-KA-00523-S-TP-01.tif,1,tbp,-1,8,7,4,False,none,none,16.0,4.0,8,-1,100,True,four_pt
/data3/Thanaporn/kmedicon/WSIs/BLOP-KA-00050-S-TP-02.tif,1,tbp,-1,8,7,4,False,none,none,16.0,4.0,8,-1,100,True,four_pt
/data3/Thanaporn/kmedicon/WSIs/BLOP-KA-00480-S-TP-01.tif,1,tbp,-1,8,7,4,False,none,none,16.0,4.0,8,-1,100,True,four_pt
/data3/Thanaporn/kmedicon/WSIs/BLOP-KA-00018-S-TP-02.tif,1,tbp,-1,8,7,4,False,none,none,16.0,4.0,8,-1,100,True,four_pt
/data3/Thanaporn/kmedicon/WSIs/BLOP-KA-00538-S-TP-02.tif,1,tbp,-1,8,7,4,False,none,none,16.0,4.0,8,-1,100,True,four_pt
/data3/Thanaporn/kmedicon/WSIs/BLOP-KA-00283-S-TP-01.tif,1,tbp,-1,8,7,4,False,none,none,16.0,4.0,8,-1,100,True,four_pt
/data3/Thanaporn/kmedicon/WSIs/BLOP-KA-00566-S-TP-03.tif,1,tbp,-1,8,7,4,False,none,none,16.0,4.0,8,-1,100,True,four_pt
/data3/Thanaporn/kmedicon/WSIs/BLOP-KA-00944-S-TP-03.tif,1,tbp,-1,8,7,4,False,none,none,16.0,4.0,8,-1,100,True,four_pt
/data3/Thanaporn/kmedicon/WSIs/BLOP-KA-00206-S-TP-01.tif,1,tbp,-1,8,7,4,False,none,none,16.0,4.0,8,-1,100,True,four_pt
/data3/Thanaporn/kmedicon/WSIs/BLOP-KA-00931-S-TP-01.tif,1,tbp,-1,8,7,4,False,none,none,16.0,4.0,8,-1,100,True,four_pt
/data3/Thanaporn/kmedicon/WSIs/BLOP-KA-00335-S-TP-01.tif,1,tbp,-1,8,7,4,False,none,none,16.0,4.0,8,-1,100,True,four_pt
/data3/Thanaporn/kmedicon/WSIs/BLOP-KA-00505-S-TP-02.tif,1,tbp,-1,8,7,4,False,none,none,16.0,4.0,8,-1,100,True,four_pt
/data3/Thanaporn/kmedicon/WSIs/BLOP-KA-00952-S-TP-02.tif,1,tbp,-1,8,7,4,False,none,none,16.0,4.0,8,-1,100,True,four_pt
/data3/Thanaporn/kmedicon/WSIs/BLOP-KA-00704-S-TP-01.tif,1,tbp,-1,8,7,4,False,none,none,16.0,4.0,8,-1,100,True,four_pt
/data3/Thanaporn/kmedicon/WSIs/BLOP-KA-00602-S-TP-01.tif,1,tbp,-1,8,7,4,False,none,none,16.0,4.0,8,-1,100,True,four_pt
/data3/Thanaporn/kmedicon/WSIs/BLOP-KA-00352-S-TP-01.tif,1,tbp,-1,8,7,4,False,none,none,16.0,4.0,8,-1,100,True,four_pt
/data3/Thanaporn/kmedicon/WSIs/BLOP-KA-00589-S-TP-01.tif,1,tbp,-1,8,7,4,False,none,none,16.0,4.0,8,-1,100,True,four_pt
/data3/Thanaporn/kmedicon/WSIs/BLOP-KA-00709-S-TP-01.tif,1,tbp,-1,8,7,4,False,none,none,16.0,4.0,8,-1,100,True,four_pt
/data3/Thanaporn/kmedicon/WSIs/BLOP-KA-00198-S-TP-01.tif,1,tbp,-1,8,7,4,False,none,none,16.0,4.0,8,-1,100,True,four_pt
/data3/Thanaporn/kmedicon/WSIs/BLOP-KA-00620-S-TP-02.tif,1,tbp,-1,8,7,4,False,none,none,16.0,4.0,8,-1,100,True,four_pt
/data3/Thanaporn/kmedicon/WSIs/BLOP-KA-00305-S-TP-01.tif,1,tbp,-1,8,7,4,False,none,none,16.0,4.0,8,-1,100,True,four_pt
/data3/Thanaporn/kmedicon/WSIs/BLOP-KA-00374-S-TP-01.tif,1,tbp,-1,8,7,4,False,none,none,16.0,4.0,8,-1,100,True,four_pt
/data3/Thanaporn/kmedicon/WSIs/BLOP-KA-00520-S-TP-01.tif,1,tbp,-1,8,7,4,False,none,none,16.0,4.0,8,-1,100,True,four_pt
/data3/Thanaporn/kmedicon/WSIs/BLOP-KA-00926-S-TP-01.tif,1,tbp,-1,8,7,4,False,none,none,16.0,4.0,8,-1,100,True,four_pt
/data3/Thanaporn/kmedicon/WSIs/BLOP-KA-00343-S-TP-02.tif,1,tbp,-1,8,7,4,False,none,none,16.0,4.0,8,-1,100,True,four_pt
/data3/Thanaporn/kmedicon/WSIs/BLOP-KA-00807-S-TP-01.tif,1,tbp,-1,8,7,4,False,none,none,16.0,4.0,8,-1,100,True,four_pt
/data3/Thanaporn/kmedicon/WSIs/BLOP-KA-00710-S-TP-02.tif,1,tbp,-1,8,7,4,False,none,none,16.0,4.0,8,-1,100,True,four_pt
/data3/Thanaporn/kmedicon/WSIs/BLOP-KA-00284-S-TP-02.tif,1,tbp,-1,8,7,4,False,none,none,16.0,4.0,8,-1,100,True,four_pt
/data3/Thanaporn/kmedicon/WSIs/BLOP-KA-00476-S-TP-01.tif,1,tbp,-1,8,7,4,False,none,none,16.0,4.0,8,-1,100,True,four_pt
/data3/Thanaporn/kmedicon/WSIs/BLOP-KA-00387-S-TP-01.tif,1,tbp,-1,8,7,4,False,none,none,16.0,4.0,8,-1,100,True,four_pt
/data3/Thanaporn/kmedicon/WSIs/BLOP-KA-00495-S-TP-01.tif,1,tbp,-1,8,7,4,False,none,none,16.0,4.0,8,-1,100,True,four_pt
/data3/Thanaporn/kmedicon/WSIs/BLOP-KA-00100-S-TP-01.tif,1,tbp,-1,8,7,4,False,none,none,16.0,4.0,8,-1,100,True,four_pt
/data3/Thanaporn/kmedicon/WSIs/BLOP-KA-00596-S-TP-01.tif,1,tbp,-1,8,7,4,False,none,none,16.0,4.0,8,-1,100,True,four_pt
/data3/Thanaporn/kmedicon/WSIs/BLOP-KA-00567-S-TP-02.tif,1,tbp,-1,8,7,4,False,none,none,16.0,4.0,8,-1,100,True,four_pt
/data3/Thanaporn/kmedicon/WSIs/BLOP-KA-00812-S-TP-01.tif,1,tbp,-1,8,7,4,False,none,none,16.0,4.0,8,-1,100,True,four_pt
/data3/Thanaporn/kmedicon/WSIs/BLOP-KA-00321-S-TP-01.tif,1,tbp,-1,8,7,4,False,none,none,16.0,4.0,8,-1,100,True,four_pt
/data3/Thanaporn/kmedicon/WSIs/BLOP-KA-00467-S-TP-01.tif,1,tbp,-1,8,7,4,False,none,none,16.0,4.0,8,-1,100,True,four_pt
/data3/Thanaporn/kmedicon/WSIs/BLOP-KA-00698-S-TP-01.tif,1,tbp,-1,8,7,4,False,none,none,16.0,4.0,8,-1,100,True,four_pt
/data3/Thanaporn/kmedicon/WSIs/BLOP-KA-00107-S-TP-01.tif,1,tbp,-1,8,7,4,False,none,none,16.0,4.0,8,-1,100,True,four_pt
/data3/Thanaporn/kmedicon/WSIs/BLOP-KA-00098-S-TP-01.tif,1,tbp,-1,8,7,4,False,none,none,16.0,4.0,8,-1,100,True,four_pt
/data3/Thanaporn/kmedicon/WSIs/BLOP-KA-00416-S-TP-01.tif,1,tbp,-1,8,7,4,False,none,none,16.0,4.0,8,-1,100,True,four_pt
/data3/Thanaporn/kmedicon/WSIs/BLOP-KA-00043-S-TP-01.tif,1,tbp,-1,8,7,4,False,none,none,16.0,4.0,8,-1,100,True,four_pt
/data3/Thanaporn/kmedicon/WSIs/BLOP-KA-00027-S-TP-04.tif,1,tbp,-1,8,7,4,False,none,none,16.0,4.0,8,-1,100,True,four_pt
/data3/Thanaporn/kmedicon/WSIs/BLOP-KA-00408-S-TP-01.tif,1,tbp,-1,8,7,4,False,none,none,16.0,4.0,8,-1,100,True,four_pt
/data3/Thanaporn/kmedicon/WSIs/BLOP-KA-00503-S-TP-03.tif,1,tbp,-1,8,7,4,False,none,none,16.0,4.0,8,-1,100,True,four_pt
/data3/Thanaporn/kmedicon/WSIs/BLOP-KA-00072-S-TP-01.tif,1,tbp,-1,8,7,4,False,none,none,16.0,4.0,8,-1,100,True,four_pt
/data3/Thanaporn/kmedicon/WSIs/BLOP-KA-00324-S-TP-01.tif,1,tbp,-1,8,7,4,False,none,none,16.0,4.0,8,-1,100,True,four_pt
/data3/Thanaporn/kmedicon/WSIs/BLOP-KA-00632-S-TP-01.tif,1,tbp,-1,8,7,4,False,none,none,16.0,4.0,8,-1,100,True,four_pt
/data3/Thanaporn/kmedicon/WSIs/BLOP-KA-00321-S-TP-02.tif,1,tbp,-1,8,7,4,False,none,none,16.0,4.0,8,-1,100,True,four_pt
/data3/Thanaporn/kmedicon/WSIs/BLOP-KA-00631-S-TP-02.tif,1,tbp,-1,8,7,4,False,none,none,16.0,4.0,8,-1,100,True,four_pt
/data3/Thanaporn/kmedicon/WSIs/BLOP-KA-00469-S-TP-04.tif,1,tbp,-1,8,7,4,False,none,none,16.0,4.0,8,-1,100,True,four_pt
/data3/Thanaporn/kmedicon/WSIs/BLOP-KA-00594-S-TP-01.tif,1,tbp,-1,8,7,4,False,none,none,16.0,4.0,8,-1,100,True,four_pt
/data3/Thanaporn/kmedicon/WSIs/BLOP-KA-00116-S-TP-01.tif,1,tbp,-1,8,7,4,False,none,none,16.0,4.0,8,-1,100,True,four_pt
/data3/Thanaporn/kmedicon/WSIs/BLOP-KA-00941-S-TP-01.tif,1,tbp,-1,8,7,4,False,none,none,16.0,4.0,8,-1,100,True,four_pt
/data3/Thanaporn/kmedicon/WSIs/BLOP-KA-00294-S-TP-01.tif,1,tbp,-1,8,7,4,False,none,none,16.0,4.0,8,-1,100,True,four_pt
/data3/Thanaporn/kmedicon/WSIs/BLOP-KA-00434-S-TP-01.tif,1,tbp,-1,8,7,4,False,none,none,16.0,4.0,8,-1,100,True,four_pt
/data3/Thanaporn/kmedicon/WSIs/BLOP-KA-00389-S-TP-01.tif,1,tbp,-1,8,7,4,False,none,none,16.0,4.0,8,-1,100,True,four_pt
/data3/Thanaporn/kmedicon/WSIs/BLOP-KA-00484-S-TP-03.tif,1,tbp,-1,8,7,4,False,none,none,16.0,4.0,8,-1,100,True,four_pt
/data3/Thanaporn/kmedicon/WSIs/BLOP-KA-00753-S-TP-03.tif,1,tbp,-1,8,7,4,False,none,none,16.0,4.0,8,-1,100,True,four_pt
/data3/Thanaporn/kmedicon/WSIs/BLOP-KA-00303-S-TP-02.tif,1,tbp,-1,8,7,4,False,none,none,16.0,4.0,8,-1,100,True,four_pt
/data3/Thanaporn/kmedicon/WSIs/BLOP-KA-00935-S-TP-01.tif,1,tbp,-1,8,7,4,False,none,none,16.0,4.0,8,-1,100,True,four_pt
/data3/Thanaporn/kmedicon/WSIs/BLOP-KA-00688-S-TP-01.tif,1,tbp,-1,8,7,4,False,none,none,16.0,4.0,8,-1,100,True,four_pt
/data3/Thanaporn/kmedicon/WSIs/BLOP-KA-00165-S-TP-01.tif,1,tbp,-1,8,7,4,False,none,none,16.0,4.0,8,-1,100,True,four_pt
/data3/Thanaporn/kmedicon/WSIs/BLOP-KA-00223-S-TP-01.tif,1,tbp,-1,8,7,4,False,none,none,16.0,4.0,8,-1,100,True,four_pt
/data3/Thanaporn/kmedicon/WSIs/BLOP-KA-00111-S-TP-01.tif,1,tbp,-1,8,7,4,False,none,none,16.0,4.0,8,-1,100,True,four_pt
/data3/Thanaporn/kmedicon/WSIs/BLOP-KA-00405-S-TP-01.tif,1,tbp,-1,8,7,4,False,none,none,16.0,4.0,8,-1,100,True,four_pt
/data3/Thanaporn/kmedicon/WSIs/BLOP-KA-00171-S-TP-01.tif,1,tbp,-1,8,7,4,False,none,none,16.0,4.0,8,-1,100,True,four_pt
/data3/Thanaporn/kmedicon/WSIs/BLOP-KA-00301-S-TP-01.tif,1,tbp,-1,8,7,4,False,none,none,16.0,4.0,8,-1,100,True,four_pt
/data3/Thanaporn/kmedicon/WSIs/BLOP-KA-00159-S-TP-01.tif,1,tbp,-1,8,7,4,False,none,none,16.0,4.0,8,-1,100,True,four_pt
/data3/Thanaporn/kmedicon/WSIs/BLOP-KA-00649-S-TP-01.tif,1,tbp,-1,8,7,4,False,none,none,16.0,4.0,8,-1,100,True,four_pt
/data3/Thanaporn/kmedicon/WSIs/BLOP-KA-00650-S-TP-01.tif,1,tbp,-1,8,7,4,False,none,none,16.0,4.0,8,-1,100,True,four_pt
/data3/Thanaporn/kmedicon/WSIs/BLOP-KA-00062-S-TP-01.tif,1,tbp,-1,8,7,4,False,none,none,16.0,4.0,8,-1,100,True,four_pt
/data3/Thanaporn/kmedicon/WSIs/BLOP-KA-00419-S-TP-01.tif,1,tbp,-1,8,7,4,False,none,none,16.0,4.0,8,-1,100,True,four_pt
/data3/Thanaporn/kmedicon/WSIs/BLOP-KA-00501-S-TP-01.tif,1,tbp,-1,8,7,4,False,none,none,16.0,4.0,8,-1,100,True,four_pt
/data3/Thanaporn/kmedicon/WSIs/BLOP-KA-00400-S-TP-01.tif,1,tbp,-1,8,7,4,False,none,none,16.0,4.0,8,-1,100,True,four_pt
/data3/Thanaporn/kmedicon/WSIs/BLOP-KA-00337-S-TP-01.tif,1,tbp,-1,8,7,4,False,none,none,16.0,4.0,8,-1,100,True,four_pt
/data3/Thanaporn/kmedicon/WSIs/BLOP-KA-00661-S-TP-01.tif,1,tbp,-1,8,7,4,False,none,none,16.0,4.0,8,-1,100,True,four_pt
/data3/Thanaporn/kmedicon/WSIs/BLOP-KA-00028-S-TP-01.tif,1,tbp,-1,8,7,4,False,none,none,16.0,4.0,8,-1,100,True,four_pt
/data3/Thanaporn/kmedicon/WSIs/BLOP-KA-00475-S-TP-04.tif,1,tbp,-1,8,7,4,False,none,none,16.0,4.0,8,-1,100,True,four_pt
/data3/Thanaporn/kmedicon/WSIs/BLOP-KA-00626-S-TP-01.tif,1,tbp,-1,8,7,4,False,none,none,16.0,4.0,8,-1,100,True,four_pt
/data3/Thanaporn/kmedicon/WSIs/BLOP-KA-00938-S-TP-01.tif,1,tbp,-1,8,7,4,False,none,none,16.0,4.0,8,-1,100,True,four_pt
/data3/Thanaporn/kmedicon/WSIs/BLOP-KA-00635-S-TP-01.tif,1,tbp,-1,8,7,4,False,none,none,16.0,4.0,8,-1,100,True,four_pt
/data3/Thanaporn/kmedicon/WSIs/BLOP-KA-00073-S-TP-01.tif,1,tbp,-1,8,7,4,False,none,none,16.0,4.0,8,-1,100,True,four_pt
/data3/Thanaporn/kmedicon/WSIs/BLOP-KA-00701-S-TP-01.tif,1,tbp,-1,8,7,4,False,none,none,16.0,4.0,8,-1,100,True,four_pt
/data3/Thanaporn/kmedicon/WSIs/BLOP-KA-00078-S-TP-01.tif,1,tbp,-1,8,7,4,False,none,none,16.0,4.0,8,-1,100,True,four_pt
/data3/Thanaporn/kmedicon/WSIs/BLOP-KA-00954-S-TP-01.tif,1,tbp,-1,8,7,4,False,none,none,16.0,4.0,8,-1,100,True,four_pt
/data3/Thanaporn/kmedicon/WSIs/BLOP-KA-00242-S-TP-01.tif,1,tbp,-1,8,7,4,False,none,none,16.0,4.0,8,-1,100,True,four_pt
/data3/Thanaporn/kmedicon/WSIs/BLOP-KA-00543-S-TP-01.tif,1,tbp,-1,8,7,4,False,none,none,16.0,4.0,8,-1,100,True,four_pt
/data3/Thanaporn/kmedicon/WSIs/BLOP-KA-00264-S-TP-01.tif,1,tbp,-1,8,7,4,False,none,none,16.0,4.0,8,-1,100,True,four_pt
/data3/Thanaporn/kmedicon/WSIs/BLOP-KA-00469-S-TP-01.tif,1,tbp,-1,8,7,4,False,none,none,16.0,4.0,8,-1,100,True,four_pt
/data3/Thanaporn/kmedicon/WSIs/BLOP-KA-00169-S-TP-01.tif,1,tbp,-1,8,7,4,False,none,none,16.0,4.0,8,-1,100,True,four_pt
/data3/Thanaporn/kmedicon/WSIs/BLOP-KA-00170-S-TP-01.tif,1,tbp,-1,8,7,4,False,none,none,16.0,4.0,8,-1,100,True,four_pt
/data3/Thanaporn/kmedicon/WSIs/BLOP-KA-00959-S-TP-02.tif,1,tbp,-1,8,7,4,False,none,none,16.0,4.0,8,-1,100,True,four_pt
/data3/Thanaporn/kmedicon/WSIs/BLOP-KA-00413-S-TP-01.tif,1,tbp,-1,8,7,4,False,none,none,16.0,4.0,8,-1,100,True,four_pt
/data3/Thanaporn/kmedicon/WSIs/BLOP-KA-00401-S-TP-02.tif,1,tbp,-1,8,7,4,False,none,none,16.0,4.0,8,-1,100,True,four_pt
/data3/Thanaporn/kmedicon/WSIs/BLOP-KA-00027-S-TP-03.tif,1,tbp,-1,8,7,4,False,none,none,16.0,4.0,8,-1,100,True,four_pt
/data3/Thanaporn/kmedicon/WSIs/BLOP-KA-00620-S-TP-01.tif,1,tbp,-1,8,7,4,False,none,none,16.0,4.0,8,-1,100,True,four_pt
/data3/Thanaporn/kmedicon/WSIs/BLOP-KA-00271-S-TP-01.tif,1,tbp,-1,8,7,4,False,none,none,16.0,4.0,8,-1,100,True,four_pt
/data3/Thanaporn/kmedicon/WSIs/BLOP-KA-00716-S-TP-01.tif,1,tbp,-1,8,7,4,False,none,none,16.0,4.0,8,-1,100,True,four_pt
/data3/Thanaporn/kmedicon/WSIs/BLOP-KA-00359-S-TP-01.tif,1,tbp,-1,8,7,4,False,none,none,16.0,4.0,8,-1,100,True,four_pt
/data3/Thanaporn/kmedicon/WSIs/BLOP-KA-00621-S-TP-01.tif,1,tbp,-1,8,7,4,False,none,none,16.0,4.0,8,-1,100,True,four_pt
/data3/Thanaporn/kmedicon/WSIs/BLOP-KA-00330-S-TP-02.tif,1,tbp,-1,8,7,4,False,none,none,16.0,4.0,8,-1,100,True,four_pt
/data3/Thanaporn/kmedicon/WSIs/BLOP-KA-00132-S-TP-01.tif,1,tbp,-1,8,7,4,False,none,none,16.0,4.0,8,-1,100,True,four_pt
/data3/Thanaporn/kmedicon/WSIs/BLOP-KA-00376-S-TP-01.tif,1,tbp,-1,8,7,4,False,none,none,16.0,4.0,8,-1,100,True,four_pt
/data3/Thanaporn/kmedicon/WSIs/BLOP-KA-00535-S-TP-01.tif,1,tbp,-1,8,7,4,False,none,none,16.0,4.0,8,-1,100,True,four_pt
/data3/Thanaporn/kmedicon/WSIs/BLOP-KA-00697-S-TP-01.tif,1,tbp,-1,8,7,4,False,none,none,16.0,4.0,8,-1,100,True,four_pt
/data3/Thanaporn/kmedicon/WSIs/BLOP-KA-00949-S-TP-02.tif,1,tbp,-1,8,7,4,False,none,none,16.0,4.0,8,-1,100,True,four_pt
/data3/Thanaporn/kmedicon/WSIs/BLOP-KA-00272-S-TP-03.tif,1,tbp,-1,8,7,4,False,none,none,16.0,4.0,8,-1,100,True,four_pt
/data3/Thanaporn/kmedicon/WSIs/BLOP-KA-00413-S-TP-02.tif,1,tbp,-1,8,7,4,False,none,none,16.0,4.0,8,-1,100,True,four_pt
/data3/Thanaporn/kmedicon/WSIs/BLOP-KA-00144-S-TP-01.tif,1,tbp,-1,8,7,4,False,none,none,16.0,4.0,8,-1,100,True,four_pt
/data3/Thanaporn/kmedicon/WSIs/BLOP-KA-00363-S-TP-02.tif,1,tbp,-1,8,7,4,False,none,none,16.0,4.0,8,-1,100,True,four_pt
/data3/Thanaporn/kmedicon/WSIs/BLOP-KA-00050-S-TP-01.tif,1,tbp,-1,8,7,4,False,none,none,16.0,4.0,8,-1,100,True,four_pt
/data3/Thanaporn/kmedicon/WSIs/BLOP-KA-00306-S-TP-01.tif,1,tbp,-1,8,7,4,False,none,none,16.0,4.0,8,-1,100,True,four_pt
/data3/Thanaporn/kmedicon/WSIs/BLOP-KA-00949-S-TP-03.tif,1,tbp,-1,8,7,4,False,none,none,16.0,4.0,8,-1,100,True,four_pt
/data3/Thanaporn/kmedicon/WSIs/BLOP-KA-00933-S-TP-01.tif,1,tbp,-1,8,7,4,False,none,none,16.0,4.0,8,-1,100,True,four_pt
/data3/Thanaporn/kmedicon/WSIs/BLOP-KA-00720-S-TP-03.tif,1,tbp,-1,8,7,4,False,none,none,16.0,4.0,8,-1,100,True,four_pt
/data3/Thanaporn/kmedicon/WSIs/BLOP-KA-00014-S-TP-01.tif,1,tbp,-1,8,7,4,False,none,none,16.0,4.0,8,-1,100,True,four_pt
/data3/Thanaporn/kmedicon/WSIs/BLOP-KA-00672-S-TP-02.tif,1,tbp,-1,8,7,4,False,none,none,16.0,4.0,8,-1,100,True,four_pt
/data3/Thanaporn/kmedicon/WSIs/BLOP-KA-00399-S-TP-02.tif,1,tbp,-1,8,7,4,False,none,none,16.0,4.0,8,-1,100,True,four_pt
/data3/Thanaporn/kmedicon/WSIs/BLOP-KA-00942-S-TP-01.tif,1,tbp,-1,8,7,4,False,none,none,16.0,4.0,8,-1,100,True,four_pt
/data3/Thanaporn/kmedicon/WSIs/BLOP-KA-00615-S-TP-02.tif,1,tbp,-1,8,7,4,False,none,none,16.0,4.0,8,-1,100,True,four_pt
/data3/Thanaporn/kmedicon/WSIs/BLOP-KA-00712-S-TP-01.tif,1,tbp,-1,8,7,4,False,none,none,16.0,4.0,8,-1,100,True,four_pt
/data3/Thanaporn/kmedicon/WSIs/BLOP-KA-00425-S-TP-01.tif,1,tbp,-1,8,7,4,False,none,none,16.0,4.0,8,-1,100,True,four_pt
/data3/Thanaporn/kmedicon/WSIs/BLOP-KA-00717-S-TP-01.tif,1,tbp,-1,8,7,4,False,none,none,16.0,4.0,8,-1,100,True,four_pt
/data3/Thanaporn/kmedicon/WSIs/BLOP-KA-00044-S-TP-01.tif,1,tbp,-1,8,7,4,False,none,none,16.0,4.0,8,-1,100,True,four_pt
/data3/Thanaporn/kmedicon/WSIs/BLOP-KA-00510-S-TP-01.tif,1,tbp,-1,8,7,4,False,none,none,16.0,4.0,8,-1,100,True,four_pt
/data3/Thanaporn/kmedicon/WSIs/BLOP-KA-00927-S-TP-03.tif,1,tbp,-1,8,7,4,False,none,none,16.0,4.0,8,-1,100,True,four_pt
/data3/Thanaporn/kmedicon/WSIs/BLOP-KA-00671-S-TP-01.tif,1,tbp,-1,8,7,4,False,none,none,16.0,4.0,8,-1,100,True,four_pt
/data3/Thanaporn/kmedicon/WSIs/BLOP-KA-00620-S-TP-03.tif,1,tbp,-1,8,7,4,False,none,none,16.0,4.0,8,-1,100,True,four_pt
/data3/Thanaporn/kmedicon/WSIs/BLOP-KA-00692-S-TP-01.tif,1,tbp,-1,8,7,4,False,none,none,16.0,4.0,8,-1,100,True,four_pt
/data3/Thanaporn/kmedicon/WSIs/BLOP-KA-00673-S-TP-01.tif,1,tbp,-1,8,7,4,False,none,none,16.0,4.0,8,-1,100,True,four_pt
/data3/Thanaporn/kmedicon/WSIs/BLOP-KA-00157-S-TP-01.tif,1,tbp,-1,8,7,4,False,none,none,16.0,4.0,8,-1,100,True,four_pt
/data3/Thanaporn/kmedicon/WSIs/BLOP-KA-00774-S-TP-01.tif,1,tbp,-1,8,7,4,False,none,none,16.0,4.0,8,-1,100,True,four_pt
/data3/Thanaporn/kmedicon/WSIs/BLOP-KA-00361-S-TP-01.tif,1,tbp,-1,8,7,4,False,none,none,16.0,4.0,8,-1,100,True,four_pt
/data3/Thanaporn/kmedicon/WSIs/BLOP-KA-00355-S-TP-01.tif,1,tbp,-1,8,7,4,False,none,none,16.0,4.0,8,-1,100,True,four_pt
/data3/Thanaporn/kmedicon/WSIs/BLOP-KA-00269-S-TP-01.tif,1,tbp,-1,8,7,4,False,none,none,16.0,4.0,8,-1,100,True,four_pt
/data3/Thanaporn/kmedicon/WSIs/BLOP-KA-00028-S-TP-02.tif,1,tbp,-1,8,7,4,False,none,none,16.0,4.0,8,-1,100,True,four_pt
/data3/Thanaporn/kmedicon/WSIs/BLOP-KA-00657-S-TP-01.tif,1,tbp,-1,8,7,4,False,none,none,16.0,4.0,8,-1,100,True,four_pt
/data3/Thanaporn/kmedicon/WSIs/BLOP-KA-00169-S-TP-02.tif,1,tbp,-1,8,7,4,False,none,none,16.0,4.0,8,-1,100,True,four_pt
/data3/Thanaporn/kmedicon/WSIs/BLOP-KA-00611-S-TP-01.tif,1,tbp,-1,8,7,4,False,none,none,16.0,4.0,8,-1,100,True,four_pt
/data3/Thanaporn/kmedicon/WSIs/BLOP-KA-00217-S-TP-01.tif,1,tbp,-1,8,7,4,False,none,none,16.0,4.0,8,-1,100,True,four_pt
/data3/Thanaporn/kmedicon/WSIs/BLOP-KA-00427-S-TP-01.tif,1,tbp,-1,8,7,4,False,none,none,16.0,4.0,8,-1,100,True,four_pt
/data3/Thanaporn/kmedicon/WSIs/BLOP-KA-00048-S-TP-03.tif,1,tbp,-1,8,7,4,False,none,none,16.0,4.0,8,-1,100,True,four_pt
/data3/Thanaporn/kmedicon/WSIs/BLOP-KA-00020-S-TP-01.tif,1,tbp,-1,8,7,4,False,none,none,16.0,4.0,8,-1,100,True,four_pt
/data3/Thanaporn/kmedicon/WSIs/BLOP-KA-00491-S-TP-02.tif,1,tbp,-1,8,7,4,False,none,none,16.0,4.0,8,-1,100,True,four_pt
/data3/Thanaporn/kmedicon/WSIs/BLOP-KA-00021-S-TP-04.tif,1,tbp,-1,8,7,4,False,none,none,16.0,4.0,8,-1,100,True,four_pt
/data3/Thanaporn/kmedicon/WSIs/BLOP-KA-00619-S-TP-01.tif,1,tbp,-1,8,7,4,False,none,none,16.0,4.0,8,-1,100,True,four_pt
/data3/Thanaporn/kmedicon/WSIs/BLOP-KA-00557-S-TP-01.tif,1,tbp,-1,8,7,4,False,none,none,16.0,4.0,8,-1,100,True,four_pt
/data3/Thanaporn/kmedicon/WSIs/BLOP-KA-00185-S-TP-01.tif,1,tbp,-1,8,7,4,False,none,none,16.0,4.0,8,-1,100,True,four_pt
/data3/Thanaporn/kmedicon/WSIs/BLOP-KA-00696-S-TP-01.tif,1,tbp,-1,8,7,4,False,none,none,16.0,4.0,8,-1,100,True,four_pt
/data3/Thanaporn/kmedicon/WSIs/BLOP-KA-00311-S-TP-02.tif,1,tbp,-1,8,7,4,False,none,none,16.0,4.0,8,-1,100,True,four_pt
/data3/Thanaporn/kmedicon/WSIs/BLOP-KA-00155-S-TP-01.tif,1,tbp,-1,8,7,4,False,none,none,16.0,4.0,8,-1,100,True,four_pt
/data3/Thanaporn/kmedicon/WSIs/BLOP-KA-00635-S-TP-02.tif,1,tbp,-1,8,7,4,False,none,none,16.0,4.0,8,-1,100,True,four_pt
/data3/Thanaporn/kmedicon/WSIs/BLOP-KA-00089-S-TP-01.tif,1,tbp,-1,8,7,4,False,none,none,16.0,4.0,8,-1,100,True,four_pt
/data3/Thanaporn/kmedicon/WSIs/BLOP-KA-00404-S-TP-02.tif,1,tbp,-1,8,7,4,False,none,none,16.0,4.0,8,-1,100,True,four_pt
/data3/Thanaporn/kmedicon/WSIs/BLOP-KA-00203-S-TP-02.tif,1,tbp,-1,8,7,4,False,none,none,16.0,4.0,8,-1,100,True,four_pt
/data3/Thanaporn/kmedicon/WSIs/BLOP-KA-00445-S-TP-01.tif,1,tbp,-1,8,7,4,False,none,none,16.0,4.0,8,-1,100,True,four_pt
/data3/Thanaporn/kmedicon/WSIs/BLOP-KA-00088-S-TP-01.tif,1,tbp,-1,8,7,4,False,none,none,16.0,4.0,8,-1,100,True,four_pt
/data3/Thanaporn/kmedicon/WSIs/BLOP-KA-00478-S-TP-01.tif,1,tbp,-1,8,7,4,False,none,none,16.0,4.0,8,-1,100,True,four_pt
/data3/Thanaporn/kmedicon/WSIs/BLOP-KA-00176-S-TP-01.tif,1,tbp,-1,8,7,4,False,none,none,16.0,4.0,8,-1,100,True,four_pt
/data3/Thanaporn/kmedicon/WSIs/BLOP-KA-00108-S-TP-01.tif,1,tbp,-1,8,7,4,False,none,none,16.0,4.0,8,-1,100,True,four_pt
/data3/Thanaporn/kmedicon/WSIs/BLOP-KA-00431-S-TP-01.tif,1,tbp,-1,8,7,4,False,none,none,16.0,4.0,8,-1,100,True,four_pt
/data3/Thanaporn/kmedicon/WSIs/BLOP-KA-00298-S-TP-01.tif,1,tbp,-1,8,7,4,False,none,none,16.0,4.0,8,-1,100,True,four_pt
/data3/Thanaporn/kmedicon/WSIs/BLOP-KA-00592-S-TP-01.tif,1,tbp,-1,8,7,4,False,none,none,16.0,4.0,8,-1,100,True,four_pt
/data3/Thanaporn/kmedicon/WSIs/BLOP-KA-00188-S-TP-01.tif,1,tbp,-1,8,7,4,False,none,none,16.0,4.0,8,-1,100,True,four_pt
/data3/Thanaporn/kmedicon/WSIs/BLOP-KA-00068-S-TP-01.tif,1,tbp,-1,8,7,4,False,none,none,16.0,4.0,8,-1,100,True,four_pt
/data3/Thanaporn/kmedicon/WSIs/BLOP-KA-00458-S-TP-01.tif,1,tbp,-1,8,7,4,False,none,none,16.0,4.0,8,-1,100,True,four_pt
/data3/Thanaporn/kmedicon/WSIs/BLOP-KA-00665-S-TP-01.tif,1,tbp,-1,8,7,4,False,none,none,16.0,4.0,8,-1,100,True,four_pt
/data3/Thanaporn/kmedicon/WSIs/BLOP-KA-00326-S-TP-02.tif,1,tbp,-1,8,7,4,False,none,none,16.0,4.0,8,-1,100,True,four_pt
/data3/Thanaporn/kmedicon/WSIs/BLOP-KA-00586-S-TP-01.tif,1,tbp,-1,8,7,4,False,none,none,16.0,4.0,8,-1,100,True,four_pt
/data3/Thanaporn/kmedicon/WSIs/BLOP-KA-00352-S-TP-02.tif,1,tbp,-1,8,7,4,False,none,none,16.0,4.0,8,-1,100,True,four_pt
/data3/Thanaporn/kmedicon/WSIs/BLOP-KA-00951-S-TP-03.tif,1,tbp,-1,8,7,4,False,none,none,16.0,4.0,8,-1,100,True,four_pt
/data3/Thanaporn/kmedicon/WSIs/BLOP-KA-00542-S-TP-01.tif,1,tbp,-1,8,7,4,False,none,none,16.0,4.0,8,-1,100,True,four_pt
/data3/Thanaporn/kmedicon/WSIs/BLOP-KA-00172-S-TP-01.tif,1,tbp,-1,8,7,4,False,none,none,16.0,4.0,8,-1,100,True,four_pt
/data3/Thanaporn/kmedicon/WSIs/BLOP-KA-00077-S-TP-03.tif,1,tbp,-1,8,7,4,False,none,none,16.0,4.0,8,-1,100,True,four_pt
/data3/Thanaporn/kmedicon/WSIs/BLOP-KA-00216-S-TP-02.tif,1,tbp,-1,8,7,4,False,none,none,16.0,4.0,8,-1,100,True,four_pt
/data3/Thanaporn/kmedicon/WSIs/BLOP-KA-00614-S-TP-01.tif,1,tbp,-1,8,7,4,False,none,none,16.0,4.0,8,-1,100,True,four_pt
/data3/Thanaporn/kmedicon/WSIs/BLOP-KA-00601-S-TP-01.tif,1,tbp,-1,8,7,4,False,none,none,16.0,4.0,8,-1,100,True,four_pt
/data3/Thanaporn/kmedicon/WSIs/BLOP-KA-00711-S-TP-01.tif,1,tbp,-1,8,7,4,False,none,none,16.0,4.0,8,-1,100,True,four_pt
/data3/Thanaporn/kmedicon/WSIs/BLOP-KA-00503-S-TP-02.tif,1,tbp,-1,8,7,4,False,none,none,16.0,4.0,8,-1,100,True,four_pt
/data3/Thanaporn/kmedicon/WSIs/BLOP-KA-00244-S-TP-01.tif,1,tbp,-1,8,7,4,False,none,none,16.0,4.0,8,-1,100,True,four_pt
/data3/Thanaporn/kmedicon/WSIs/BLOP-KA-00415-S-TP-01.tif,1,tbp,-1,8,7,4,False,none,none,16.0,4.0,8,-1,100,True,four_pt
/data3/Thanaporn/kmedicon/WSIs/BLOP-KA-00338-S-TP-02.tif,1,tbp,-1,8,7,4,False,none,none,16.0,4.0,8,-1,100,True,four_pt
/data3/Thanaporn/kmedicon/WSIs/BLOP-KA-00736-S-TP-01.tif,1,tbp,-1,8,7,4,False,none,none,16.0,4.0,8,-1,100,True,four_pt
/data3/Thanaporn/kmedicon/WSIs/BLOP-KA-00568-S-TP-01.tif,1,tbp,-1,8,7,4,False,none,none,16.0,4.0,8,-1,100,True,four_pt
/data3/Thanaporn/kmedicon/WSIs/BLOP-KA-00757-S-TP-02.tif,1,tbp,-1,8,7,4,False,none,none,16.0,4.0,8,-1,100,True,four_pt
/data3/Thanaporn/kmedicon/WSIs/BLOP-KA-00773-S-TP-01.tif,1,tbp,-1,8,7,4,False,none,none,16.0,4.0,8,-1,100,True,four_pt
/data3/Thanaporn/kmedicon/WSIs/BLOP-KA-00213-S-TP-01.tif,1,tbp,-1,8,7,4,False,none,none,16.0,4.0,8,-1,100,True,four_pt
/data3/Thanaporn/kmedicon/WSIs/BLOP-KA-00463-S-TP-03.tif,1,tbp,-1,8,7,4,False,none,none,16.0,4.0,8,-1,100,True,four_pt
/data3/Thanaporn/kmedicon/WSIs/BLOP-KA-00951-S-TP-01.tif,1,tbp,-1,8,7,4,False,none,none,16.0,4.0,8,-1,100,True,four_pt
/data3/Thanaporn/kmedicon/WSIs/BLOP-KA-00438-S-TP-01.tif,1,tbp,-1,8,7,4,False,none,none,16.0,4.0,8,-1,100,True,four_pt
/data3/Thanaporn/kmedicon/WSIs/BLOP-KA-00558-S-TP-01.tif,1,tbp,-1,8,7,4,False,none,none,16.0,4.0,8,-1,100,True,four_pt
/data3/Thanaporn/kmedicon/WSIs/BLOP-KA-00538-S-TP-01.tif,1,tbp,-1,8,7,4,False,none,none,16.0,4.0,8,-1,100,True,four_pt
/data3/Thanaporn/kmedicon/WSIs/BLOP-KA-00936-S-TP-01.tif,1,tbp,-1,8,7,4,False,none,none,16.0,4.0,8,-1,100,True,four_pt
/data3/Thanaporn/kmedicon/WSIs/BLOP-KA-00456-S-TP-02.tif,1,tbp,-1,8,7,4,False,none,none,16.0,4.0,8,-1,100,True,four_pt
/data3/Thanaporn/kmedicon/WSIs/BLOP-KA-00211-S-TP-01.tif,1,tbp,-1,8,7,4,False,none,none,16.0,4.0,8,-1,100,True,four_pt
/data3/Thanaporn/kmedicon/WSIs/BLOP-KA-00178-S-TP-01.tif,1,tbp,-1,8,7,4,False,none,none,16.0,4.0,8,-1,100,True,four_pt
/data3/Thanaporn/kmedicon/WSIs/BLOP-KA-00604-S-TP-01.tif,1,tbp,-1,8,7,4,False,none,none,16.0,4.0,8,-1,100,True,four_pt
/data3/Thanaporn/kmedicon/WSIs/BLOP-KA-00331-S-TP-01.tif,1,tbp,-1,8,7,4,False,none,none,16.0,4.0,8,-1,100,True,four_pt
/data3/Thanaporn/kmedicon/WSIs/BLOP-KA-00110-S-TP-01.tif,1,tbp,-1,8,7,4,False,none,none,16.0,4.0,8,-1,100,True,four_pt
/data3/Thanaporn/kmedicon/WSIs/BLOP-KA-00593-S-TP-01.tif,1,tbp,-1,8,7,4,False,none,none,16.0,4.0,8,-1,100,True,four_pt
/data3/Thanaporn/kmedicon/WSIs/BLOP-KA-00274-S-TP-01.tif,1,tbp,-1,8,7,4,False,none,none,16.0,4.0,8,-1,100,True,four_pt
/data3/Thanaporn/kmedicon/WSIs/BLOP-KA-00440-S-TP-04.tif,1,tbp,-1,8,7,4,False,none,none,16.0,4.0,8,-1,100,True,four_pt
/data3/Thanaporn/kmedicon/WSIs/BLOP-KA-00951-S-TP-04.tif,1,tbp,-1,8,7,4,False,none,none,16.0,4.0,8,-1,100,True,four_pt
/data3/Thanaporn/kmedicon/WSIs/BLOP-KA-00142-S-TP-01.tif,1,tbp,-1,8,7,4,False,none,none,16.0,4.0,8,-1,100,True,four_pt
/data3/Thanaporn/kmedicon/WSIs/BLOP-KA-00177-S-TP-02.tif,1,tbp,-1,8,7,4,False,none,none,16.0,4.0,8,-1,100,True,four_pt
/data3/Thanaporn/kmedicon/WSIs/BLOP-KA-00380-S-TP-01.tif,1,tbp,-1,8,7,4,False,none,none,16.0,4.0,8,-1,100,True,four_pt
/data3/Thanaporn/kmedicon/WSIs/BLOP-KA-00694-S-TP-01.tif,1,tbp,-1,8,7,4,False,none,none,16.0,4.0,8,-1,100,True,four_pt
/data3/Thanaporn/kmedicon/WSIs/BLOP-KA-00260-S-TP-01.tif,1,tbp,-1,8,7,4,False,none,none,16.0,4.0,8,-1,100,True,four_pt
/data3/Thanaporn/kmedicon/WSIs/BLOP-KA-00381-S-TP-01.tif,1,tbp,-1,8,7,4,False,none,none,16.0,4.0,8,-1,100,True,four_pt
/data3/Thanaporn/kmedicon/WSIs/BLOP-KA-00257-S-TP-01.tif,1,tbp,-1,8,7,4,False,none,none,16.0,4.0,8,-1,100,True,four_pt
/data3/Thanaporn/kmedicon/WSIs/BLOP-KA-00248-S-TP-01.tif,1,tbp,-1,8,7,4,False,none,none,16.0,4.0,8,-1,100,True,four_pt
/data3/Thanaporn/kmedicon/WSIs/BLOP-KA-00949-S-TP-01.tif,1,tbp,-1,8,7,4,False,none,none,16.0,4.0,8,-1,100,True,four_pt
/data3/Thanaporn/kmedicon/WSIs/BLOP-KA-00134-S-TP-01.tif,1,tbp,-1,8,7,4,False,none,none,16.0,4.0,8,-1,100,True,four_pt
/data3/Thanaporn/kmedicon/WSIs/BLOP-KA-00295-S-TP-02.tif,1,tbp,-1,8,7,4,False,none,none,16.0,4.0,8,-1,100,True,four_pt
/data3/Thanaporn/kmedicon/WSIs/BLOP-KA-00429-S-TP-02.tif,1,tbp,-1,8,7,4,False,none,none,16.0,4.0,8,-1,100,True,four_pt
/data3/Thanaporn/kmedicon/WSIs/BLOP-KA-00282-S-TP-01.tif,1,tbp,-1,8,7,4,False,none,none,16.0,4.0,8,-1,100,True,four_pt
/data3/Thanaporn/kmedicon/WSIs/BLOP-KA-00715-S-TP-01.tif,1,tbp,-1,8,7,4,False,none,none,16.0,4.0,8,-1,100,True,four_pt
/data3/Thanaporn/kmedicon/WSIs/BLOP-KA-00615-S-TP-01.tif,1,tbp,-1,8,7,4,False,none,none,16.0,4.0,8,-1,100,True,four_pt
/data3/Thanaporn/kmedicon/WSIs/BLOP-KA-00545-S-TP-01.tif,1,tbp,-1,8,7,4,False,none,none,16.0,4.0,8,-1,100,True,four_pt
/data3/Thanaporn/kmedicon/WSIs/BLOP-KA-00208-S-TP-01.tif,1,tbp,-1,8,7,4,False,none,none,16.0,4.0,8,-1,100,True,four_pt
/data3/Thanaporn/kmedicon/WSIs/BLOP-KA-00757-S-TP-03.tif,1,tbp,-1,8,7,4,False,none,none,16.0,4.0,8,-1,100,True,four_pt
/data3/Thanaporn/kmedicon/WSIs/BLOP-KA-00608-S-TP-01.tif,1,tbp,-1,8,7,4,False,none,none,16.0,4.0,8,-1,100,True,four_pt
/data3/Thanaporn/kmedicon/WSIs/BLOP-KA-00950-S-TP-02.tif,1,tbp,-1,8,7,4,False,none,none,16.0,4.0,8,-1,100,True,four_pt
/data3/Thanaporn/kmedicon/WSIs/BLOP-KA-00009-S-TP-01.tif,1,tbp,-1,8,7,4,False,none,none,16.0,4.0,8,-1,100,True,four_pt
/data3/Thanaporn/kmedicon/WSIs/BLOP-KA-00069-S-TP-01.tif,1,tbp,-1,8,7,4,False,none,none,16.0,4.0,8,-1,100,True,four_pt
/data3/Thanaporn/kmedicon/WSIs/BLOP-KA-00322-S-TP-01.tif,1,tbp,-1,8,7,4,False,none,none,16.0,4.0,8,-1,100,True,four_pt
/data3/Thanaporn/kmedicon/WSIs/BLOP-KA-00585-S-TP-01.tif,1,tbp,-1,8,7,4,False,none,none,16.0,4.0,8,-1,100,True,four_pt
/data3/Thanaporn/kmedicon/WSIs/BLOP-KA-00734-S-TP-01.tif,1,tbp,-1,8,7,4,False,none,none,16.0,4.0,8,-1,100,True,four_pt
/data3/Thanaporn/kmedicon/WSIs/BLOP-KA-00720-S-TP-02.tif,1,tbp,-1,8,7,4,False,none,none,16.0,4.0,8,-1,100,True,four_pt
/data3/Thanaporn/kmedicon/WSIs/BLOP-KA-00027-S-TP-01.tif,1,tbp,-1,8,7,4,False,none,none,16.0,4.0,8,-1,100,True,four_pt
/data3/Thanaporn/kmedicon/WSIs/BLOP-KA-00358-S-TP-01.tif,1,tbp,-1,8,7,4,False,none,none,16.0,4.0,8,-1,100,True,four_pt
/data3/Thanaporn/kmedicon/WSIs/BLOP-KA-00489-S-TP-01.tif,1,tbp,-1,8,7,4,False,none,none,16.0,4.0,8,-1,100,True,four_pt
/data3/Thanaporn/kmedicon/WSIs/BLOP-KA-00672-S-TP-01.tif,1,tbp,-1,8,7,4,False,none,none,16.0,4.0,8,-1,100,True,four_pt
/data3/Thanaporn/kmedicon/WSIs/BLOP-KA-00951-S-TP-02.tif,1,tbp,-1,8,7,4,False,none,none,16.0,4.0,8,-1,100,True,four_pt
/data3/Thanaporn/kmedicon/WSIs/BLOP-KA-00570-S-TP-01.tif,1,tbp,-1,8,7,4,False,none,none,16.0,4.0,8,-1,100,True,four_pt
/data3/Thanaporn/kmedicon/WSIs/BLOP-KA-00754-S-TP-01.tif,1,tbp,-1,8,7,4,False,none,none,16.0,4.0,8,-1,100,True,four_pt
/data3/Thanaporn/kmedicon/WSIs/BLOP-KA-00241-S-TP-01.tif,1,tbp,-1,8,7,4,False,none,none,16.0,4.0,8,-1,100,True,four_pt
/data3/Thanaporn/kmedicon/WSIs/BLOP-KA-00163-S-TP-01.tif,1,tbp,-1,8,7,4,False,none,none,16.0,4.0,8,-1,100,True,four_pt
/data3/Thanaporn/kmedicon/WSIs/BLOP-KA-00662-S-TP-01.tif,1,tbp,-1,8,7,4,False,none,none,16.0,4.0,8,-1,100,True,four_pt
/data3/Thanaporn/kmedicon/WSIs/BLOP-KA-00083-S-TP-02.tif,1,tbp,-1,8,7,4,False,none,none,16.0,4.0,8,-1,100,True,four_pt
/data3/Thanaporn/kmedicon/WSIs/BLOP-KA-00490-S-TP-01.tif,1,tbp,-1,8,7,4,False,none,none,16.0,4.0,8,-1,100,True,four_pt
/data3/Thanaporn/kmedicon/WSIs/BLOP-KA-00738-S-TP-03.tif,1,tbp,-1,8,7,4,False,none,none,16.0,4.0,8,-1,100,True,four_pt
/data3/Thanaporn/kmedicon/WSIs/BLOP-KA-00569-S-TP-01.tif,1,tbp,-1,8,7,4,False,none,none,16.0,4.0,8,-1,100,True,four_pt
/data3/Thanaporn/kmedicon/WSIs/BLOP-KA-00296-S-TP-01.tif,1,tbp,-1,8,7,4,False,none,none,16.0,4.0,8,-1,100,True,four_pt
/data3/Thanaporn/kmedicon/WSIs/BLOP-KA-00360-S-TP-01.tif,1,tbp,-1,8,7,4,False,none,none,16.0,4.0,8,-1,100,True,four_pt
/data3/Thanaporn/kmedicon/WSIs/BLOP-KA-00648-S-TP-02.tif,1,tbp,-1,8,7,4,False,none,none,16.0,4.0,8,-1,100,True,four_pt
/data3/Thanaporn/kmedicon/WSIs/BLOP-KA-00295-S-TP-04.tif,1,tbp,-1,8,7,4,False,none,none,16.0,4.0,8,-1,100,True,four_pt
/data3/Thanaporn/kmedicon/WSIs/BLOP-KA-00341-S-TP-01.tif,1,tbp,-1,8,7,4,False,none,none,16.0,4.0,8,-1,100,True,four_pt
/data3/Thanaporn/kmedicon/WSIs/BLOP-KA-00114-S-TP-01.tif,1,tbp,-1,8,7,4,False,none,none,16.0,4.0,8,-1,100,True,four_pt
/data3/Thanaporn/kmedicon/WSIs/BLOP-KA-00342-S-TP-02.tif,1,tbp,-1,8,7,4,False,none,none,16.0,4.0,8,-1,100,True,four_pt
/data3/Thanaporn/kmedicon/WSIs/BLOP-KA-00577-S-TP-01.tif,1,tbp,-1,8,7,4,False,none,none,16.0,4.0,8,-1,100,True,four_pt
/data3/Thanaporn/kmedicon/WSIs/BLOP-KA-00723-S-TP-01.tif,1,tbp,-1,8,7,4,False,none,none,16.0,4.0,8,-1,100,True,four_pt
/data3/Thanaporn/kmedicon/WSIs/BLOP-KA-00162-S-TP-01.tif,1,tbp,-1,8,7,4,False,none,none,16.0,4.0,8,-1,100,True,four_pt
/data3/Thanaporn/kmedicon/WSIs/BLOP-KA-00603-S-TP-01.tif,1,tbp,-1,8,7,4,False,none,none,16.0,4.0,8,-1,100,True,four_pt
/data3/Thanaporn/kmedicon/WSIs/BLOP-KA-00193-S-TP-01.tif,1,tbp,-1,8,7,4,False,none,none,16.0,4.0,8,-1,100,True,four_pt
/data3/Thanaporn/kmedicon/WSIs/BLOP-KA-00516-S-TP-01.tif,1,tbp,-1,8,7,4,False,none,none,16.0,4.0,8,-1,100,True,four_pt
/data3/Thanaporn/kmedicon/WSIs/BLOP-KA-00280-S-TP-01.tif,1,tbp,-1,8,7,4,False,none,none,16.0,4.0,8,-1,100,True,four_pt
/data3/Thanaporn/kmedicon/WSIs/BLOP-KA-00674-S-TP-01.tif,1,tbp,-1,8,7,4,False,none,none,16.0,4.0,8,-1,100,True,four_pt
/data3/Thanaporn/kmedicon/WSIs/BLOP-KA-00125-S-TP-01.tif,1,tbp,-1,8,7,4,False,none,none,16.0,4.0,8,-1,100,True,four_pt
/data3/Thanaporn/kmedicon/WSIs/BLOP-KA-00565-S-TP-01.tif,1,tbp,-1,8,7,4,False,none,none,16.0,4.0,8,-1,100,True,four_pt
/data3/Thanaporn/kmedicon/WSIs/BLOP-KA-00526-S-TP-01.tif,1,tbp,-1,8,7,4,False,none,none,16.0,4.0,8,-1,100,True,four_pt
/data3/Thanaporn/kmedicon/WSIs/BLOP-KA-00398-S-TP-01.tif,1,tbp,-1,8,7,4,False,none,none,16.0,4.0,8,-1,100,True,four_pt
/data3/Thanaporn/kmedicon/WSIs/BLOP-KA-00148-S-TP-02.tif,1,tbp,-1,8,7,4,False,none,none,16.0,4.0,8,-1,100,True,four_pt
/data3/Thanaporn/kmedicon/WSIs/BLOP-KA-00638-S-TP-01.tif,1,tbp,-1,8,7,4,False,none,none,16.0,4.0,8,-1,100,True,four_pt
/data3/Thanaporn/kmedicon/WSIs/BLOP-KA-00123-S-TP-01.tif,1,tbp,-1,8,7,4,False,none,none,16.0,4.0,8,-1,100,True,four_pt
